X,Y,Cluster
6.7296286,1.3329685,4
11.093221,0.08515778,3
6.806543,2.675248,4
4.423958,-0.31371182,2
10.992806,2.641068,1
8.814917,0.04532494,1
10.754376,-2.9227927,3
9.853051,2.0747364,1
8.74372,3.0983746,1
9.116354,2.2832263,1
8.299321,2.6176834,4
10.789956,-0.53162915,3
10.380472,-0.31470126,3
7.6043243,1.2511622,4
7.9835815,2.0438392,1
11.963523,2.890264,1
9.401081,-2.18631,3
9.736563,-2.8955371,3
7.930023,1.8904488,4
4.8691273,2.8737605,4
9.411734,2.3126378,1
10.739546,-4.3487277,3
10.427494,-1.6628972,3
9.675099,-1.6711123,3
8.418281,-0.41435415,3
7.135036,1.3825834,4
9.634972,8.570602,1
6.899575,2.0042086,4
9.152105,1.928708,1
7.908278,2.2044215,4
7.588503,-0.116689146,4
1.8717257,1.5621127,2
11.894976,2.9220362,1
8.238317,2.5918832,4
12.518803,2.749452,1
0.79561985,1.8578128,0
9.145978,2.4584758,4
4.1801167,0.9294929,2
10.699617,2.4271204,1
5.52059,1.3708563,4
7.251538,3.052013,4
7.527581,2.968163,4
8.942513,0.35335112,1
8.922079,2.244794,4
7.1458173,1.9115529,4
10.807172,-0.22091557,3
4.106936,-0.30877417,2
8.115161,2.2393842,4
7.823782,-0.5427538,4
5.9839354,1.1863443,4
12.648099,2.6268432,1
10.925073,1.8340999,1
9.026394,0.2943662,1
9.965115,1.6033938,1
9.285667,0.21023647,1
7.808442,2.9581747,4
12.668738,2.6139958,1
4.770864,2.8506973,2
10.634019,-4.562333,3
10.901286,-2.8912265,3
11.818914,-1.6280926,3
9.504088,-4.40477,3
10.305765,2.1750157,1
11.614422,-1.8885354,3
10.518809,-0.8462076,3
10.059065,-4.0564127,3
6.1595807,1.1722391,4
9.723543,-2.8507764,3
12.611984,1.8534148,1
10.187811,-1.8821833,3
11.536834,-0.6268385,1
10.8451395,-1.0117707,3
11.725039,2.7962232,1
7.3359694,1.3883369,4
9.553665,-3.0482965,3
7.214567,-2.0135024,2
12.397502,3.016141,1
7.308652,-1.6433506,3
10.273509,-0.63270456,1
7.0275373,-1.2179272,4
8.722577,2.9085312,1
10.473758,1.996181,1
11.615615,0.120254554,3
7.5759807,0.033031836,4
10.477019,-0.40666103,3
5.611277,1.4390911,4
3.056403,3.0719867,2
8.28813,2.4398863,4
10.064693,-2.2012565,3
7.7835126,1.7726243,4
4.339558,-0.047587838,2
11.227299,-2.399994,3
12.207558,1.7251688,1
8.669546,2.473166,4
10.62967,1.0643766,1
7.118586,-1.2289019,4
8.378844,-0.71418613,3
9.630262,-0.07861428,1
11.191349,2.1816366,1
8.175696,-0.66349506,4
10.040499,-2.6106517,3
12.221429,1.2809689,1
11.543418,-3.0849853,3
11.6759615,-1.5042568,3
11.12037,-1.7209241,3
10.217377,1.3167671,1
4.7468376,-0.458659,2
8.805877,-0.10304807,1
10.678446,0.982385,1
9.386309,-1.3727047,3
11.189809,-1.7878256,3
10.947607,1.8143092,1
11.668722,1.5113523,1
9.217414,-2.653437,3
8.760891,0.6376311,4
7.848902,2.2608705,4
10.069789,3.2057998,1
8.655771,2.9106247,4
8.740918,-0.020849774,1
6.5849595,2.1461937,4
4.5633125,0.22936319,2
8.32815,1.1985322,4
11.509573,1.3023095,1
7.1558957,1.607149,4
10.911572,1.780185,1
6.205461,2.83937,4
6.825341,-1.3752018,3
10.904408,-0.66851526,3
9.896854,1.1199987,1
11.138799,-1.7142322,3
4.8015976,-0.4080037,2
9.252253,-2.6561618,3
8.206778,2.5639644,4
4.897482,0.69331026,2
8.26457,-2.4372048,3
8.354458,2.4162138,1
8.009467,2.012896,1
9.890193,2.197712,1
12.623271,2.720772,1
9.709677,-2.7866893,3
7.8008313,1.8252968,4
11.677226,-0.23313783,3
8.858584,3.0971627,1
9.675326,0.1924242,1
12.124879,1.763868,1
7.501857,1.726127,1
11.644171,-1.8699636,3
11.058451,-1.9046599,3
10.4683695,2.4393053,1
10.212121,-3.0395882,3
9.904286,0.89229196,1
2.9376814,3.0194294,2
12.551142,2.6562672,1
3.2303195,1.1426193,2
9.944072,-2.5142653,3
7.5079274,2.2305048,4
11.191321,-1.0862337,3
2.9453788,3.0309136,2
12.004679,-0.78684694,3
12.073924,-0.8002241,3
7.3634562,2.2920122,4
0.7629201,1.6691911,0
9.76423,-3.244771,3
10.2762,2.7711465,1
9.64222,1.1252424,1
11.139825,-2.8017156,3
10.629313,-1.3400471,3
10.923257,-3.1619055,3
10.652326,-4.547791,3
11.698596,-1.945189,3
7.8044634,2.3153224,4
11.844174,2.5319653,1
11.66258,2.6944187,1
-0.22786407,1.6603944,0
8.396343,-2.3098347,3
11.101304,-0.98947775,3
11.114718,-1.1180532,3
8.440875,-0.79618245,3
7.6504636,1.3222085,4
3.2977602,0.33302084,2
6.8635345,2.4981358,4
10.794394,-1.3331883,3
11.430485,3.0908961,1
9.394998,3.3372552,1
6.8003407,-1.2679784,4
9.685554,-2.4759786,3
4.86723,-0.42476255,2
8.77797,2.9965615,1
0.66640425,1.6970037,0
7.5903144,-0.021271344,2
8.401055,-2.3098178,3
9.474122,2.1372783,1
8.401004,0.041302714,4
11.447212,-1.1797279,3
10.691849,-0.13258582,3
10.874925,1.6942089,1
8.311708,-2.4894962,3
10.337732,1.4550319,1
12.065477,2.439663,1
10.249983,-2.6012242,3
10.693491,0.89012086,1
-0.518109,1.2226765,0
11.819988,-2.3488007,3
8.780883,-1.8342084,3
9.567078,8.482931,1
6.846579,0.9566685,4
7.507411,2.2235663,4
5.4192634,1.1732407,4
11.0952,-1.7994511,3
10.755209,-3.6460106,3
7.564377,1.7274415,4
11.927591,1.8041797,1
6.5860977,1.2182226,4
12.226791,1.6221772,1
12.652538,2.594315,3
8.306601,-2.470022,3
11.628012,2.865979,1
11.682508,-0.9118298,3
9.122255,0.29949835,1
4.07025,0.5672473,2
9.586813,1.8112643,1
10.710961,1.0074649,1
2.9768686,3.0573232,2
2.3867798,2.6513789,2
2.837335,3.0065684,2
6.911352,1.2864935,4
8.69733,-0.6154568,4
9.256591,0.33950737,1
10.539506,-1.467121,3
11.623844,0.81393224,3
10.642185,-4.489799,3
9.547661,-1.7837137,3
11.736776,-2.260596,3
4.832708,2.6355677,2
11.30945,-2.1604927,3
10.795332,-2.6052423,3
10.314601,-4.139113,3
7.3960896,-1.6237917,3
7.2198234,2.433058,4
11.215842,1.3897929,1
8.277551,-2.5629168,3
5.476963,2.6547234,2
8.093413,-0.7062089,2
8.103811,1.9364461,4
6.950357,1.5251771,4
4.707342,0.7821612,2
7.482822,1.6641511,4
6.659601,1.5192926,4
9.971862,-4.007608,3
10.451135,1.2715138,1
9.345228,0.0033243212,1
11.757889,-3.1762116,3
10.667564,0.9179091,1
11.612462,-1.9048136,3
11.825639,-2.0132606,3
8.2018385,1.3185524,4
9.411609,0.2046186,1
7.904278,2.1384578,4
10.307018,2.2288697,1
7.5310345,1.6729263,4
10.02511,-4.032786,3
9.97725,0.40421847,1
12.389334,-0.25995192,3
7.5932746,1.3189998,4
10.37663,2.093492,1
10.333509,1.388514,1
9.80408,-4.193934,3
11.379964,-2.0771928,3
12.081613,2.718646,1
6.613406,2.073913,4
9.621388,8.551779,1
9.501597,0.36825028,1
7.1981235,-2.0407028,3
10.201524,2.2695982,1
9.578507,-1.625738,3
10.612514,-2.5926352,3
8.9585905,-0.9970814,3
10.348979,2.1318848,1
7.8480935,-0.42377153,4
9.345142,1.6634618,1
6.730233,1.0462409,4
8.397711,-2.3072274,3
9.531085,-0.06163196,1
10.985952,-1.8908954,3
10.914608,-3.1613362,3
11.597008,-3.2375968,3
10.010788,-1.3838227,3
9.46436,2.3863993,1
10.018741,-1.3971663,3
10.121888,-3.9748492,3
10.558094,-1.3060734,3
3.1427913,0.3597328,2
7.4139686,-1.6312729,3
9.59927,-1.3721654,3
3.4434314,2.5667803,2
10.842817,-4.1758246,3
9.85111,2.0605848,1
6.44703,1.5892066,4
9.927309,-2.5658817,3
11.779866,2.6205704,1
5.151381,1.4188387,4
12.777274,2.862705,1
10.515349,-4.3933268,3
10.630598,1.9034312,1
11.158103,-1.1046677,3
9.577168,-3.489999,3
6.530785,1.70025,3
9.373827,1.835771,1
6.1779966,0.7836796,2
6.7838216,2.5063415,4
9.769502,-1.6877934,3
8.536758,-0.4122539,4
3.3009875,2.7861917,2
5.6120276,0.62509215,4
9.072961,3.1916676,1
4.9150615,2.70931,2
9.179313,2.4688394,4
11.265596,2.5944614,1
8.885262,2.9169178,1
10.643435,-2.5161717,3
11.487363,-0.9664289,3
10.985613,-1.9755775,3
8.265843,-2.4277792,3
2.9520462,2.9173985,2
9.873893,2.9527469,1
8.219068,2.5789924,4
9.9024515,0.896247,1
9.986181,-3.9209237,3
5.505103,0.3286336,4
12.620666,2.6274877,1
5.843289,1.8278186,4
9.4922285,-1.677866,3
4.0250783,0.6416472,2
9.941732,2.032167,1
7.0408273,-1.3098301,4
8.715702,-2.2168999,3
10.042201,-2.1725686,3
10.283919,-0.5471664,3
1.7015527,1.6197542,2
11.830944,-0.657981,3
9.313954,-2.9394891,3
12.580901,2.6547532,1
6.7224064,2.8132775,4
7.8174367,1.4717947,4
9.196074,0.36925337,1
10.839986,-2.5281727,3
10.779028,-2.5271795,3
9.270141,1.9439532,1
7.075824,1.3696427,4
2.526438,1.6790177,2
12.340659,2.829273,1
9.641528,0.049222205,3
11.733873,1.7474486,1
7.6540194,-0.16585566,2
5.496687,1.1314285,4
10.806823,-1.0700732,3
10.788663,-0.2581098,3
12.229856,2.5732913,1
9.933277,-2.6717744,3
10.168836,-1.9551418,3
4.3807497,-0.19535242,2
10.960674,-3.072337,3
10.500386,1.5774679,1
8.714447,1.3882836,4
7.9232917,2.034569,4
8.228735,2.559222,4
5.505247,1.2723747,4
10.238454,-3.9435546,3
9.887273,-1.1125168,1
10.394857,-3.3699083,3
2.9241478,3.0315235,2
6.9637256,-1.1263999,4
8.557154,-2.214643,3
9.962536,1.9657549,1
9.508651,2.1431587,1
11.607222,-1.9099251,3
12.714883,2.8599007,1
6.5940557,0.6142205,4
11.602716,2.8844159,1
10.232236,-3.7572408,3
10.980141,-3.884835,3
8.3365135,1.2206287,4
12.470133,2.674538,1
9.558161,-1.8867531,3
6.626897,0.69525397,4
10.47506,-2.649407,3
8.955011,-1.0672685,3
9.724402,1.8988397,1
10.971892,-1.9744895,3
10.6221485,2.424205,1
6.7611938,1.6950166,4
10.406512,1.8896297,1
9.701047,-4.2521534,3
6.4827886,2.7298748,4
8.267883,-2.5771236,3
9.345771,1.8841859,1
8.98648,-0.97354746,3
4.7928843,2.8215466,2
8.521236,-0.8911289,3
9.542901,-0.051331926,1
10.312711,-4.0586863,3
10.656831,-4.3981495,3
7.1744676,-2.038268,3
5.929048,2.1738806,4
9.388474,2.104373,1
11.425129,2.367077,1
6.7931542,-1.2470561,4
8.385217,-0.4526933,4
11.577538,-0.016625935,3
9.953213,-2.4702818,3
11.291058,2.6222422,1
10.165454,-1.9358381,3
8.123506,2.120556,4
11.279348,1.5906042,1
6.8215785,2.563366,4
9.216557,-2.6766322,3
7.235886,3.0427577,4
10.966593,-0.95775735,3
11.287866,1.6222923,1
4.168968,1.0295746,2
9.033486,2.135254,4
12.096165,-0.97481596,3
8.571745,-2.1460104,3
8.479783,2.5002794,4
12.141678,-0.9359562,3
4.956942,0.74080133,4
8.171152,2.7298207,4
9.06198,3.2143228,1
4.523649,0.0496827,2
6.724115,2.8370204,4
11.162507,-1.7930602,3
7.5042815,1.8073373,1
7.744858,3.0002127,4
4.6085725,2.8612826,2
8.699773,0.65677094,4
11.642763,-1.922006,3
8.413763,-0.52910733,4
8.794125,1.4188501,4
8.24374,2.5684426,4
12.007129,-0.43626365,3
9.520624,-4.371561,3
2.2403402,0.3675311,2
0.57702273,0.5328573,0
9.197833,0.41252366,1
10.267013,-2.891362,3
7.0536246,-1.8827829,3
9.132397,3.2516947,1
9.9817095,-1.3708957,3
8.250175,1.2028602,4
10.920024,-3.1628633,3
6.1097937,2.1065447,4
8.573708,-2.4621146,3
7.8706203,2.194811,4
8.305244,-2.4950235,3
4.9265146,2.818971,4
9.701746,-2.498061,3
12.127178,-0.87654287,3
10.152717,1.3740052,1
6.8303213,1.7978897,4
7.562967,0.037570857,4
10.3844795,1.4554927,1
6.930174,2.7478604,4
9.633643,1.129715,1
10.185996,3.1710117,1
10.7757225,-0.33855453,3
7.749214,2.263364,4
10.35312,1.728005,1
10.506788,-2.6257968,3
6.2810016,2.867333,4
11.654288,1.8100525,1
11.704111,-2.26056,3
10.107754,-0.613163,3
12.782504,2.8585935,1
10.046701,-1.14135,3
12.112382,1.4008862,1
11.568927,0.61592627,1
9.27974,0.4055364,1
8.86061,-0.87165624,3
9.898798,3.3259833,1
9.611033,8.536092,1
9.56737,8.481845,1
10.254583,-3.3013391,3
7.0490212,-1.3186536,3
6.7603035,2.7249084,4
4.898476,2.8851519,4
8.979679,0.56803125,1
8.299844,2.5320961,4
12.592308,1.8568784,1
3.9529202,0.8065752,2
12.240878,1.734729,1
8.165761,2.6121867,4
7.1844325,-2.0029585,2
9.258674,2.6717832,4
10.82357,-3.896567,3
10.442736,-4.3150244,3
7.808686,-1.2446442,3
9.584001,2.2750146,1
3.3202434,2.43821,2
4.475674,-0.04967101,4
10.563805,-0.01279812,3
2.972131,3.0427907,2
4.706354,2.2246146,2
6.770118,-1.3662987,3
6.0108757,1.7951181,4
10.332349,1.7235972,1
10.465394,-1.3829863,3
9.049808,-1.2774832,3
12.117525,2.7666578,1
9.14174,2.5045676,4
12.10883,2.9246678,1
11.608064,1.3745689,1
7.028013,1.3758181,4
9.25351,-3.0327182,3
8.433719,-2.3248131,3
8.332236,-0.7587182,3
5.006713,2.6933024,4
9.664006,-1.4546536,3
8.897776,-2.8381255,3
10.040361,-4.0304823,3
9.023858,-0.78801894,1
9.791489,-0.07919652,3
10.622625,2.548996,1
11.606593,-0.74148726,3
10.791161,-2.6007013,3
8.782767,2.269254,4
3.2371662,2.8917046,2
10.461765,-1.1842808,3
8.273037,-2.578047,3
9.748519,-1.8289973,3
9.070025,-1.3180779,3
8.376877,2.6262994,4
9.521844,-4.4063745,3
7.087635,2.1252143,4
6.51632,1.6773767,3
4.2063427,3.0041223,2
9.712467,-2.4522998,3
7.5940523,1.2447367,4
9.213023,2.4766843,4
12.191898,2.6057706,1
6.5083866,1.4056226,4
12.169263,1.552799,1
9.468791,1.6067716,1
2.39927,2.6526146,2
9.621143,-2.111154,3
10.186649,-0.5910282,3
4.2114882,-0.31066927,2
10.268398,3.1466231,1
7.0497665,-1.970467,3
10.994933,1.2723113,1
9.409202,-0.2320907,1
10.177985,-4.0928636,3
2.9778137,2.705199,2
8.151119,1.1509727,4
9.525454,-4.3696475,3
11.804182,0.86063033,1
9.07667,3.144821,1
12.057855,-0.42120802,1
9.277098,-1.575192,3
7.519425,1.6458849,4
12.346332,2.8112154,1
11.002776,2.6678674,1
8.733665,1.4394408,4
9.620283,-2.3922346,3
11.6911125,-3.1485848,3
8.640405,-2.250529,3
11.642004,-1.1710244,3
12.504222,2.6461294,1
9.997563,-1.367371,3
9.915267,-1.3950061,3
8.258203,-2.3717048,3
4.9235053,2.8868837,4
7.283521,1.8435805,4
7.48197,1.6332821,4
10.665216,-1.4600791,3
6.802683,-1.2711904,3
10.5950165,-2.5963683,3
10.899879,-2.755733,3
4.6973996,2.6908877,2
9.753866,-1.1618689,3
8.986793,0.35670063,1
11.840436,-2.3452492,3
10.961816,-3.0414429,3
6.797231,-1.2730985,4
10.454345,-2.6217804,3
9.56528,-4.2457237,3
9.630922,0.5670808,1
4.4263372,-0.05728577,2
6.741647,1.0517775,4
10.216853,-3.9209824,3
11.200731,-3.6087584,3
10.695168,-3.1944308,3
8.7185545,-1.6780195,3
3.634967,2.6880875,2
8.954228,0.2622146,1
9.387216,2.2752438,1
1.8536545,2.4322155,2
8.504539,2.8665822,4
12.568014,2.914058,1
11.484173,3.1142638,1
8.458881,-0.34701708,4
10.5280075,-0.9542341,3
6.862168,2.5801013,4
10.24856,-1.1805129,3
7.017233,-1.3756961,3
8.172434,-0.81199163,3
8.6884165,-1.7157801,3
10.385247,-2.683601,3
7.235167,-1.1408528,4
6.3721805,-0.68603325,4
7.8642955,-1.7642727,3
7.971973,2.5102122,4
2.0443676,0.5852867,2
3.9696338,2.9315627,2
2.6659617,1.3205332,2
-0.8570318,1.5457537,0
-1.3377273,0.9927212,0
-1.9352347,0.9873237,0
0.43157378,2.3715775,0
2.0627902,0.61188895,2
11.399425,-1.9662744,3
4.5286245,0.44494143,2
0.6985727,2.4193933,0
-0.09338802,1.0810064,0
3.233086,1.730036,2
2.7767982,1.3488847,2
10.351716,-0.25306898,3
9.535673,0.718557,1
0.8288614,2.0467193,0
4.9001412,2.2120407,2
2.3866956,1.510682,2
-0.23200035,1.6526506,0
1.8715832,1.5845116,2
1.4272457,1.2538372,0
3.16753,1.557064,2
8.291889,1.222748,4
-0.013195796,0.13028264,0
-0.70555484,0.41207358,0
0.64077985,0.48650864,0
-1.2182993,1.4601346,0
3.7130408,1.1922029,2
-2.1885722,0.895579,0
4.877537,-0.2899545,2
-2.7808206,0.4936545,0
4.8988323,2.6282086,2
-1.4270837,1.5722522,0
3.993947,2.9419584,2
4.8960466,0.6939599,2
-0.8828709,2.1960604,0
-1.260663,0.8101664,0
3.0192056,0.018748144,2
-1.6188508,0.71585464,0
4.8484473,-0.50401497,2
0.7923465,0.39832845,0
-2.0952895,0.97020817,0
4.5744863,1.3776366,2
1.9525242,2.498869,2
1.9735731,1.5616869,2
4.5202856,0.25291437,2
2.4564247,1.7674578,2
7.1572495,2.7012885,4
6.771517,1.6734817,4
4.70467,-0.026510222,2
2.504404,1.5456152,2
-0.9261363,0.7363018,0
5.4866495,0.4399889,4
4.3759427,-0.088804126,2
4.944494,2.3200364,2
0.7883768,0.31553954,0
5.486682,0.2664647,4
2.9297206,0.29470974,2
3.1210363,2.6737528,2
2.2875922,0.9891391,2
4.7093687,2.4593072,2
0.25886875,0.2745057,0
-0.46632916,1.4463648,0
-0.8451995,2.2011003,0
2.9801483,1.3070956,2
5.034412,2.1204035,2
1.0080566,1.0591627,0
2.6957805,1.6501267,2
-1.4100335,1.5855693,0
4.750826,-0.2345502,2
0.12198677,1.1635833,0
0.10784515,2.5974224,0
1.4367193,-0.07621976,0
2.3462653,1.5445292,2
0.66298676,0.50641966,0
1.3527614,1.185196,0
-0.7422492,1.5525262,0
4.988793,2.201997,2
8.51221,-0.45826003,4
0.10624771,2.6388774,0
5.3643956,1.8412575,2
4.757645,1.3822477,2
-1.5292444,0.6300173,0
2.9324737,0.7527585,2
-0.28319213,1.0295055,0
8.095669,1.2874498,4
6.909409,1.8312542,4
3.419695,2.423093,2
-1.4055817,1.7133281,0
4.8889008,1.806158,2
2.292601,0.98441064,2
3.4770346,1.2184802,2
-1.1687348,1.5129414,0
9.847787,-1.4184321,1
2.4873903,1.3948634,2
2.3879316,1.2604759,2
3.0095775,0.09129479,2
-0.10804889,1.0752525,0
0.81502163,1.9065571,0
1.4141829,-0.31146786,0
2.437668,1.5325503,2
6.1485796,2.8050318,4
11.651762,-3.1244736,3
1.4168216,-0.31330413,0
1.4706028,1.1056874,0
10.936045,-3.6927614,3
-0.53828293,1.5015854,0
11.738353,0.67528003,4
1.4752628,-0.24789743,0
-2.156948,0.8916624,0
-0.83190066,1.9316094,0
4.6033864,0.28431413,2
2.435071,1.8179377,2
3.957794,1.0546651,2
-0.17709334,1.6832017,0
4.8997774,2.725397,2
2.61898,0.5739045,2
-0.012918437,1.407246,0
-1.84521,0.9815019,0
-2.0988476,0.9782182,0
8.837566,2.534273,4
-0.4793416,1.9789253,0
1.4574274,1.2931285,0
-0.7853819,0.96085286,0
-2.1366396,0.69580156,0
-0.8776131,2.1846216,0
3.865441,0.65671074,2
0.1730067,1.0797619,0
1.836679,0.23647459,2
2.0499892,0.607757,2
0.4092425,2.3530173,0
2.351374,1.0762908,2
-0.85715383,1.914583,0
3.7475936,1.0481647,2
4.651572,2.4611392,2
9.577695,0.6707111,1
2.7410407,0.27454427,2
-1.3253078,1.0898824,0
0.16699293,2.3229492,0
-0.72639877,1.5024949,0
6.8831453,1.285207,4
1.3063248,-0.31033617,0
3.8658915,0.72153175,2
4.033832,1.1073704,2
1.9259087,1.5919671,2
0.8223604,2.5519667,0
-1.1041082,0.5090969,0
1.8914366,0.18926427,2
-0.22867574,1.580901,0
0.54560786,1.5984895,0
7.3083067,2.2722538,4
2.4054098,2.761633,2
9.577881,1.462473,1
-0.7839027,1.0050585,0
2.9790814,0.4457052,2
2.9582546,1.3698543,2
1.4139776,1.18196,0
1.9038187,-0.1861797,0
0.4481356,0.59751564,0
-2.758949,0.49962494,0
4.5349226,0.21312822,2
0.5872686,1.6129136,0
-1.8320304,1.2729803,0
5.5152555,1.4661309,4
3.7170188,2.7745879,2
2.8667102,1.7046528,2
2.487589,0.419732,2
7.056598,-1.8432778,3
4.0710053,1.0954478,2
1.5338115,-0.3097962,0
-0.40736666,2.0313294,0
0.5568041,1.599081,0
11.679038,0.65169585,1
2.2903051,0.84009427,2
4.779253,2.3715131,2
1.4127946,-0.31395504,0
-0.59636855,1.4355848,0
-0.49852392,1.1002761,0
2.9591274,0.39438045,2
-0.85051256,0.029520022,0
5.177712,2.2134852,4
-1.555273,1.500375,0
2.3861914,1.9345542,2
-0.6900114,0.71646124,0
-0.92056525,0.13287744,0
5.4980264,1.310578,4
-1.6651955,0.9608117,0
2.295337,0.9805786,2
3.5022564,0.39059773,2
1.933325,2.507176,2
8.578645,2.5136757,4
12.393451,-0.2599925,3
6.0034304,2.0448658,4
2.8818505,3.0188587,2
-1.5004734,1.6171756,0
0.68657434,0.73941785,0
0.08947993,1.3967036,0
0.7953224,1.6736017,0
-0.36267427,-0.13039564,0
4.000706,1.1131645,2
4.0398526,2.7069383,2
-0.9859378,1.3691635,0
4.935001,2.8307073,4
2.271561,0.5212962,2
4.5306892,1.1464791,2
3.2525032,2.6057186,2
-0.46765953,1.3276297,0
2.1890185,0.8270354,2
3.0345814,0.09866207,2
1.9120117,0.15106238,2
0.57180434,1.6070427,0
-1.4147862,0.91311044,0
11.404709,-2.123301,3
0.25016487,0.18313521,0
0.037903666,2.4467573,0
7.146038,1.378741,4
3.3495083,2.7523274,2
3.5742815,2.24693,2
0.4022599,0.569141,0
-0.119360566,0.5625285,0
9.086382,0.61508185,1
7.769999,2.921654,4
-2.1494977,0.93750626,0
0.058932915,1.8505974,0
3.073151,0.5393241,2
5.082841,2.2704415,2
2.2795124,0.38832378,2
4.9034934,2.2143962,2
2.8800085,3.0105562,2
5.4076114,0.27314043,4
0.702836,1.7404722,0
4.7285547,2.7838778,2
3.4478872,2.649828,2
4.3912153,-0.30304685,2
0.23895718,1.1939801,0
-0.37531295,1.1454611,0
5.429613,0.2614579,4
4.3037624,1.1051838,2
-1.999653,1.1905729,0
5.9701266,2.1129057,4
-0.9574176,0.6490697,0
6.2364535,2.4818065,4
0.39711308,1.0678664,0
0.11054799,2.7880542,0
-0.7614865,2.0623026,0
10.354379,-4.054599,3
4.138831,-0.3529601,2
0.13767111,2.3828583,0
10.162518,-1.1155298,3
1.3988823,-0.31906033,0
-0.9377736,0.7153317,0
-2.0899155,0.9542769,0
1.8441066,2.490787,2
8.983885,0.23782112,1
-0.5391463,1.5783762,0
1.5616232,1.3709211,0
2.2594144,-0.20815171,2
-1.0853525,1.3078372,0
1.4183882,-0.31138545,0
-1.605385,1.2974522,0
0.13154466,2.606802,0
3.3997543,0.7231104,2
-1.0141985,0.2234239,0
5.113216,2.234664,2
0.14013894,0.16433728,0
5.4165797,0.227992,4
5.4890633,0.20533036,4
1.4208179,-0.29816604,0
-1.2401085,1.4905616,0
-0.25906682,1.4121004,0
6.6762567,2.77832,4
1.0234761,2.403922,0
-0.099872254,0.96718293,0
-0.15302499,1.7296338,0
4.162624,1.1674428,2
6.321865,2.5746071,4
-0.7822015,2.2009573,0
-1.0813215,0.5605711,0
3.0317605,1.318622,2
5.5807776,0.5951413,4
2.3136387,1.1297845,2
-2.1233325,0.9132256,0
-0.29781288,1.5841628,0
8.599591,2.6081386,4
-0.73955923,0.5259812,0
2.9151032,0.40767357,2
11.724152,-2.275091,3
0.09024992,0.54106313,0
-1.9067194,1.0701537,0
2.520829,-0.13324548,2
5.432743,1.2050893,4
-0.65261245,1.4788013,0
-2.0921755,0.98726404,0
-1.1022794,0.35903957,0
3.983711,1.1162019,2
-0.48636153,2.0201366,0
-1.022928,1.3701292,0
3.8156025,0.79074913,2
-1.7981687,1.2244906,0
9.113325,-1.8734094,3
2.1344106,1.8393377,2
5.0552645,1.7975317,2
3.135528,1.5138066,2
3.9612107,2.9069288,2
0.96197724,2.7778816,0
-0.99899864,0.3880375,0
5.502627,0.30293217,4
11.821641,-1.9183661,3
6.3520937,2.0231955,4
-1.0991085,0.4685703,0
-0.46245447,1.0924261,2
0.5438664,1.5781147,0
1.9907874,2.4644046,2
-1.2380989,1.2255508,0
8.365025,-0.6286165,3
3.9897153,1.1234016,2
3.019876,1.3479574,2
7.6387815,1.1805164,4
-1.2582716,0.49723098,0
-2.110626,0.95638597,0
-0.26352224,1.6400948,0
-1.6336381,0.676022,0
-0.6558055,1.5924743,0
5.5594153,1.2821544,4
-1.3795494,0.76123285,0
6.8027525,2.595174,4
-1.4851202,0.82260793,0
0.11146615,2.7922935,0
-2.1266422,0.9289742,0
0.97526515,2.812824,0
3.6825855,0.93183184,2
2.886195,1.822707,2
1.9947857,0.5742854,2
1.8676608,2.4930725,2
11.112994,-1.7267774,3
1.5169014,-0.26356572,0
2.0996215,0.5117944,2
1.440441,-0.2894958,0
-0.4214476,0.09932126,0
-0.3707355,-0.17007507,0
9.096355,2.722695,4
1.2439245,1.3420823,0
4.7220774,-0.5138748,2
5.5011926,1.2749742,4
4.904727,1.9880744,2
3.804535,1.0261027,2
-0.14001451,1.6486706,0
-0.19881317,0.9751135,0
2.3494093,1.6008177,2
7.1133056,-1.1648307,4
0.22824812,2.355635,0
-1.5658095,0.98898935,0
-0.17691684,-0.025714895,0
0.08311061,2.6982539,0
12.385075,3.0260942,1
4.4216104,-0.000772015,2
1.0663471,1.9084953,2
4.5788636,0.11223633,2
-0.89601034,0.07796292,0
9.21297,1.7129198,1
4.911956,2.8038275,2
0.52822375,1.0404645,0
3.4131613,0.7253157,2
4.6779,1.8053144,2
2.8879135,0.24143708,2
0.13396741,2.7531538,0
4.045108,1.0958272,2
-1.0597242,0.51883656,0
-0.83475184,1.4293348,0
2.5946407,2.490037,2
-0.8988033,1.3940394,0
7.052557,-1.4387823,3
-1.0792364,1.4932193,0
2.3804526,-0.17541152,2
-1.4441719,1.5983852,0
3.0907934,1.3970432,2
-1.2404107,1.5091821,0
2.2763257,1.1060276,2
2.968246,1.7528493,2
7.658506,2.1597881,4
7.057187,-1.976002,3
0.1460201,2.7292233,0
1.0447131,2.4565477,2
10.3790865,1.5803744,1
0.9394328,2.7172387,0
2.701183,1.2938854,2
0.10304641,2.7342954,0
6.3212543,2.6598651,4
5.474003,0.2512719,4
5.2488384,0.097870246,2
5.050494,2.2657094,2
-2.008189,1.1983334,0
-0.37914446,-0.11850093,0
4.8553624,2.6605213,2
2.8744488,1.8394614,2
-2.147371,0.91464484,0
0.18052651,2.3029761,0
8.655866,-0.15424313,3
4.166861,3.0083725,2
2.6776953,1.5872773,2
-0.3915395,1.5431417,0
-2.1114993,0.97601074,0
-1.4312978,1.0202621,0
-0.6773014,0.47589988,0
4.6774397,1.373908,2
0.37151042,1.5460223,0
4.729185,2.3876925,2
-1.3189497,1.1633804,0
-1.9846702,1.177908,0
0.6560866,0.53106976,0
7.675961,1.0932034,4
1.3637217,2.2246685,0
2.2162793,1.0209944,2
1.3751093,1.1517795,0
-0.118671924,0.53949755,0
4.704797,2.565778,2
-0.12788457,0.5234538,0
10.3025465,-2.5897703,3
-1.8605542,1.1907384,0
3.313421,1.1031783,2
1.9690326,0.28208652,2
3.6975613,1.2016729,2
8.245845,-2.5924468,3
-0.28360012,1.6286876,0
3.2562308,1.7702974,2
-0.8851422,2.1889684,0
-1.0643029,1.297048,0
2.850074,0.4844464,2
3.706739,2.5672095,2
3.0911486,2.1941106,2
-1.1687558,0.484026,0
0.89996874,2.4851804,0
0.17482808,2.6506066,0
8.849712,2.2600648,4
2.9783711,0.4193652,2
3.0939531,3.0728884,2
-0.6761547,0.20473278,0
4.8246818,-0.4077117,2
2.4300237,-0.15925255,2
-1.5220113,1.6335585,0
1.5397441,-0.26476032,0
11.481014,3.0719013,1
-1.05887,0.9479427,0
2.8718069,0.69758266,2
-0.9316826,1.4259025,0
-0.92374545,1.3456458,0
4.348274,-0.19561213,2
4.3088417,-0.32956234,2
-0.2164405,1.7923547,0
-0.14409533,0.7301803,0
1.3760537,1.2472085,0
6.114489,0.45152545,2
-0.037139066,0.47473475,0
-0.048015233,0.67597634,0
5.323303,0.7098396,4
2.8957527,0.25758466,2
1.3947015,1.287962,0
-0.38550395,1.9105943,0
2.6938183,0.9633003,2
4.6527777,-0.5840009,2
7.6349816,-0.10010966,2
-1.0590686,0.98427427,0
-0.059972387,0.619658,0
2.513727,1.5155575,2
0.34744415,2.3541114,0
1.7879082,0.72155255,2
6.6894155,-1.354702,2
5.6290584,1.2108829,4
-1.0830735,0.5510948,0
4.1948376,3.0136492,2
-2.1955187,0.89267427,0
2.3688858,-0.1732039,2
2.3567476,1.8617854,2
-0.031548947,0.6155333,0
2.642387,0.11396453,2
11.797483,-1.5163736,3
1.320785,1.1459843,0
1.5405068,1.0255853,0
1.3729767,2.2566419,0
-1.6387364,0.73268807,0
-1.9780132,1.2086176,0
-1.8349286,1.2835296,0
-0.34856766,1.1004031,0
1.8217883,1.5444777,2
6.9517074,2.2072964,4
-2.1507912,0.92431253,0
2.8559058,1.3764048,2
3.8578618,1.0406054,2
2.4895375,-0.12498874,2
1.8863152,1.567473,2
-0.7435228,1.4580425,0
3.7072694,2.7693129,2
2.977293,1.6453859,2
5.2799015,0.66313225,4
2.3351855,-0.12577428,2
2.655031,1.0834965,2
-2.3667896,0.7384791,0
0.71197206,0.9493721,0
-0.60965335,1.5292604,0
3.5616534,2.3408895,2
0.40601513,0.5112874,0
-0.7076265,1.156651,0
4.8444037,0.7246486,2
1.8627617,1.5444733,2
-0.597002,1.5208937,0
-0.3087474,1.6017165,0
5.6505575,2.5909007,4
-1.1358614,1.5986823,0
1.2397279,1.6002945,0
3.1930213,2.658242,2
-1.4986756,1.5524884,0
5.0987444,2.1906664,2
5.539532,0.54950553,4
4.585099,0.23692538,2
-1.2397782,1.131461,0
0.16991696,2.306154,0
2.4529815,1.6456429,2
-1.4145035,1.134939,0
1.3484265,1.4968085,0
-0.5678976,0.68091416,0
4.862957,2.6340547,2
11.733759,-1.0126362,3
4.8504314,2.6945171,2
-1.2117261,1.2128459,0
2.91973,0.8108799,2
-0.4855627,1.0873011,0
2.1071534,0.587867,2
4.857782,2.3334801,2
-0.35594484,2.2914512,0
-0.25770456,1.6827552,0
2.2735767,-0.14820576,2
-0.41978556,2.0062232,0
-1.0315508,1.8176993,0
7.97771,2.1899097,4
9.09621,3.2226408,1
1.3520377,1.3302623,0
4.5093384,0.3799759,2
4.5832973,0.2721562,2
-0.5564904,1.0886717,0
3.3868248,0.77287614,2
4.9083557,0.69549465,2
3.9922981,0.7808219,2
10.529137,-1.1933222,3
-1.3318743,1.5862088,0
-1.0344162,1.0783106,0
-2.046121,0.9512351,0
6.2004547,2.7910123,4
9.459319,-3.1625946,3
-0.25727925,1.683002,0
-0.56447166,0.6378756,0
1.9294254,-0.040808406,0
0.0075124237,0.22748272,0
4.677871,0.16130269,4
11.5553055,1.8204625,1
3.6699672,0.8438705,2
3.9712672,2.487381,2
-1.9453647,1.1156175,0
-2.1501439,0.87268984,0
3.8483028,0.48809692,2
4.2949977,0.96202004,2
12.222414,1.2781851,1
5.4046,0.25393617,4
2.8830085,1.6582259,2
9.157811,1.802909,1
2.7282877,1.1469978,2
2.9789767,0.21181197,2
7.225925,-1.1342505,4
-0.55156463,0.93569994,0
-0.3619162,-0.14518328,0
-1.8791513,1.0258483,0
1.4079566,-0.25741008,0
5.5319943,2.5744379,2
1.403171,-0.3086434,0
-0.7828632,1.5331323,0
-1.5262742,1.6424618,0
-1.2683281,1.1137593,0
-0.3938088,0.05039051,0
0.81232697,2.4229262,0
5.5755033,1.4718542,4
0.96249574,2.7024946,0
7.5297303,0.16361076,4
3.5431755,2.6534688,2
-1.84161,0.8132865,0
-2.0745006,0.9504727,0
1.2647514,1.2076603,0
-1.729377,1.0859771,0
2.3132176,2.7202892,2
4.2699637,-0.11219998,2
3.4109578,2.6973357,2
2.099901,0.8923096,2
6.4409204,2.415759,4
1.5494864,-0.2560357,0
0.19017711,2.3250718,0
-1.2743602,1.2641501,0
-0.27961776,0.4931093,0
0.63454735,2.4018583,0
7.676226,-0.15142089,4
4.144047,0.95241916,2
3.7522905,0.84255195,2
0.74164444,2.4767232,0
1.9213078,1.5968114,2
9.919777,-2.5443687,3
-0.9495009,0.79774475,0
-0.7489683,0.7471142,0
4.5633035,0.07896445,2
-2.7839017,0.49189878,0
-2.7812276,0.49381348,0
12.249044,1.6362522,1
2.642872,1.5598874,2
12.417883,2.8427472,1
3.254762,1.7864455,2
0.5768582,1.618964,0
5.559406,1.5397277,4
10.330707,2.1537929,1
2.2211752,0.8139646,2
3.6037621,2.3199205,2
10.641205,-4.493949,3
-0.20422757,1.6634519,0
12.078225,2.4940774,1
4.7628016,2.259491,2
12.062792,1.1178012,1
6.500669,2.280433,4
5.4835835,0.25508964,4
-0.563321,1.1039827,0
4.1873426,2.717632,2
-1.5837376,0.81188685,0
4.7166057,-0.16498354,2
11.037871,2.669143,1
-0.91258126,2.0865893,0
-0.7518068,1.2482828,0
-1.5091021,1.0555762,0
-0.58487827,0.24433911,0
6.5201488,1.660669,4
1.6428086,0.99430096,2
4.1446104,0.7757982,2
6.4167924,0.43661872,4
4.9563003,1.9750307,2
9.4247465,1.6112301,1
11.682968,-2.2394896,3
2.8548722,0.39741665,2
-1.4681644,1.5976164,0
-1.1972562,1.4292078,0
1.6292878,-0.24444707,0
-1.3874832,0.7363398,0
2.0534775,0.55268383,2
10.048323,-1.3566142,3
4.667546,1.393337,2
8.188256,2.610277,4
4.7909393,2.7156467,2
9.206372,-1.0437853,3
5.1689563,2.664091,2
-0.64153737,0.60343087,0
3.2801707,2.627629,2
1.2418878,1.2239716,0
0.922234,1.6220871,0
-1.2188612,1.4290876,0
2.4983277,1.701825,2
0.18673797,2.205913,0
2.279946,0.32589582,2
3.7975657,1.276334,2
3.737347,2.7934604,2
0.17312734,0.5381044,2
1.067211,2.6356893,0
6.1927524,-0.5004961,2
2.1940546,2.6900811,2
3.094041,0.7850186,2
3.9711914,0.69308513,2
0.2464078,2.125904,0
3.7195487,2.7713568,2
3.103804,0.8098833,2
2.6040914,1.6648785,2
2.2272415,0.85474783,2
-0.62546486,0.39901277,0
4.9927893,2.0201392,2
9.096409,0.61338544,1
3.012714,3.0663972,2
5.7680545,1.141489,4
-1.7374828,1.17197,0
9.355493,-4.249041,3
4.8139777,-0.39837775,2
-0.4991905,0.5526994,0
2.8094673,1.280082,2
4.1608753,3.023011,2
-1.0662931,1.3128754,0
1.8266904,2.450861,2
-0.9690138,2.1140776,0
-0.93148077,0.7405834,0
2.6471379,1.6205076,2
0.14467193,0.43075106,0
0.23552823,2.2595632,0
-2.781936,0.49347395,0
0.7628499,1.7245811,0
11.584603,-1.0082728,3
-1.6955477,0.6537235,0
0.76511544,1.6655139,0
-0.7722537,2.1987524,0
-0.8048386,0.9465407,0
6.574791,0.6356203,4
2.5296326,0.6612183,2
-0.94366,1.4146097,0
3.7703073,0.89217114,2
4.01986,2.732163,2
5.608389,2.6000068,4
1.9955084,1.6278907,2
10.450768,1.5129174,1
2.957084,1.8141174,2
-1.753888,0.88299733,0
1.5762913,1.4609239,2
-1.3816464,0.7055668,0
-1.364669,0.67616063,0
2.1337454,-0.088537514,0
-0.7048257,1.5802175,0
7.3746943,1.10891,4
-1.6198072,0.662413,0
0.8156714,2.4470973,0
0.10960184,2.7863352,0
-0.2250834,1.7205306,0
10.78188,1.5052018,1
-1.0803344,1.4205506,0
6.5331616,1.6598402,3
0.973161,2.6039996,0
-2.0995347,0.94220066,0
0.113372505,2.760874,0
4.5722594,2.6090984,2
4.713747,2.7357483,2
2.8206832,0.9950167,2
9.117956,-1.1397164,3
8.580643,-2.15531,3
-2.162667,0.8639967,0
-0.4934819,1.0767703,0
-1.0751054,0.9775247,0
5.405958,0.68306184,2
-1.4390494,1.5939916,0
-1.0864743,1.5650758,0
-0.7480705,1.5912584,0
-0.9978302,1.0249258,0
0.11934196,2.7660692,0
8.19919,1.1953912,4
9.157957,-2.878046,3
3.8866878,0.8955298,2
-2.7811754,0.49351788,0
0.41729236,0.56992096,0
2.6780446,1.5460049,2
-1.3288577,1.4754986,0
0.77447104,1.7779928,0
2.4578047,0.32773864,2
1.5178068,1.0475096,0
6.3217874,2.0140488,4
-1.142534,1.3520964,0
-0.9654647,0.7448194,0
-0.7196478,0.22029708,0
-1.8134897,1.0674468,0
-2.0857358,0.9769796,0
-1.4436934,0.8102397,0
2.8327298,1.4946982,2
4.8523517,1.9933736,2
2.4176867,2.8098283,2
1.9111845,0.20250498,2
6.9240932,1.795553,4
0.21859147,1.213674,0
1.3808767,1.1976235,0
2.273652,0.3844387,2
3.2207751,1.0389186,2
1.3355479,1.1882601,0
-1.1502339,1.382294,0
2.3560727,0.39145428,2
3.0682597,0.4832792,2
-0.41406065,1.0228885,0
7.0441437,1.4598986,4
7.038012,1.4436936,4
1.4522618,-0.27234316,0
0.6577295,2.295737,0
6.331181,2.5298886,4
-0.8203211,1.0561526,0
-0.7721909,2.1193314,0
3.1254022,2.270835,2
-1.5903316,0.6177811,0
4.4232135,0.35844508,2
-1.4416952,0.81118,0
3.244766,1.8364235,2
-1.7821788,1.2910702,0
4.468795,0.047406152,2
2.844033,1.3885727,2
3.8262658,1.8103403,2
-0.85702544,1.9167525,0
-0.862254,0.033724885,0
3.602516,0.7529236,2
-1.7428827,0.9497806,0
1.2655371,1.2135293,0
-1.4355139,1.4782534,0
3.918022,0.81967545,2
1.9140438,2.5046654,2
0.18831286,2.3197467,0
6.4652658,1.2924358,4
-1.4334146,0.81611145,0
3.1703846,2.6090827,2
2.2915108,0.07203363,2
-0.052589457,0.98921895,0
-0.93343693,1.387195,0
11.72145,-0.6476577,3
-0.81071585,1.3917215,0
-2.7664871,0.5035692,0
-0.23614061,1.7431064,0
2.2324672,2.6538823,2
3.931862,0.733267,2
-0.23927897,1.1479638,0
6.199372,0.5665498,2
3.7563796,0.76099783,2
1.9776766,1.6033825,2
2.9129438,0.24495602,2
-0.8492079,0.8263925,0
3.9777703,2.7108438,2
5.453266,0.28425783,2
6.1410003,0.8613878,2
0.610106,0.9793248,0
6.4486814,2.108111,4
4.299741,-0.178875,2
2.0490222,0.3125299,2
-0.8225461,1.1190437,0
9.038764,1.7998589,1
4.63272,0.41048557,2
10.832468,-2.6022384,3
5.0080853,2.1538513,2
-0.91348505,1.0511249,0
7.080623,1.9153926,4
1.7069439,-0.1837612,0
6.6760406,2.7873828,4
-1.5898516,1.3953835,0
-0.8779098,0.901813,0
-0.8258933,1.528051,0
-0.0070870747,1.1825384,0
1.4500159,1.3033786,0
0.6486658,1.6071751,0
4.0412416,1.0083761,2
-0.6055215,1.5039291,0
-2.1687381,0.79331785,0
-1.4493855,1.5768554,0
3.6104102,0.75563365,2
2.4379647,1.72574,2
11.425166,-2.2473917,3
-1.6733224,1.0890344,0
3.356426,1.2095217,2
3.2163386,1.8211318,2
2.6420014,0.06881594,2
-0.19262378,1.7425784,0
3.3641462,2.515511,2
4.744103,-0.5493148,2
2.037678,1.5516309,2
4.096236,2.7199647,2
-0.25308266,1.7224745,0
3.0047898,1.2950987,2
2.3114283,0.38961068,2
0.60867393,1.6301607,0
1.8925786,1.5465995,2
10.842246,-2.6497438,3
5.5653367,0.24235542,4
1.4400306,1.1281252,0
-1.0097775,0.24606407,0
5.4301643,0.63585466,4
2.0306551,1.6669633,2
-1.049196,0.5810383,0
-1.4909354,0.77536553,0
3.0113645,1.2873008,2
-0.41858834,0.0050927973,0
-0.40768948,2.1981332,0
3.1310334,1.520478,2
1.723294,0.81938773,0
2.8219337,1.0025642,2
-0.11246768,0.51962334,0
-0.4118476,1.9178851,0
5.0058646,0.12083199,2
8.289074,1.60483,4
-1.1702737,1.0718832,0
-1.6258383,0.68213755,0
-2.191518,0.89015806,0
-0.90060467,1.3603401,0
4.883568,-0.5206169,2
-1.6021993,1.4506843,0
-0.21654795,1.7492226,0
7.226837,1.6462216,4
2.6168878,1.2761292,2
8.288207,1.6105144,4
3.964717,0.7546074,2
3.9866638,0.65340114,2
7.4822974,1.6533576,4
4.4651275,-0.039936148,2
-1.1923909,0.8222692,0
4.6930013,2.4340515,2
2.2935507,1.9894252,2
-0.94443655,2.1237023,0
3.622077,0.79801273,2
1.5843118,-0.23678312,0
0.15236972,2.6829739,0
2.9925447,0.43240678,2
8.402312,1.2500526,4
-0.8538478,2.1948347,0
6.364425,2.0151825,4
0.6932365,1.6560589,0
9.69735,-1.2686964,3
0.3301292,2.3517482,0
-1.4268255,1.11122,0
3.7719922,1.0652407,2
6.7972517,2.1337159,4
2.5346951,-0.031307273,2
-0.9693485,0.6757832,0
10.6564865,-0.08387172,1
0.90629554,1.5994493,0
4.135498,2.7316585,2
7.102339,-1.9700024,3
4.991687,1.380727,4
3.0212903,0.58210015,2
2.1220057,0.7484753,2
-2.781405,0.49355477,0
6.222066,0.7079878,2
2.0558696,1.7049901,2
2.1863718,0.8260911,2
0.7723332,0.4295236,0
3.9004302,1.005687,2
3.5040922,1.2059875,2
1.3263669,1.1730304,0
-1.0147477,1.7456262,0
2.4644728,1.573883,2
-0.06381534,0.64391065,0
2.1314383,0.7441997,2
1.9894847,1.5976402,2
2.7972407,1.6351703,2
0.2679473,1.464061,0
4.5247955,0.20992023,2
1.8358214,1.5492399,2
4.7962527,-0.44345686,2
3.2034748,1.5299566,2
2.968593,1.5722413,2
9.221295,2.4854982,4
5.006396,2.110516,2
2.3287542,0.41269693,2
11.408583,2.3605967,1
-1.1831974,1.4026742,0
2.1091614,0.83861876,2
11.48368,3.086432,1
2.7882142,1.4774565,2
4.9657564,2.4692829,2
-2.1135175,0.9124026,0
4.3979297,0.79471254,2
0.9259692,1.6060231,0
4.0481253,2.9149983,2
0.6401168,2.4773607,0
7.362521,1.7250493,4
-1.1146588,0.55451363,0
0.26139832,2.2149343,0
4.707661,2.6772892,2
-0.5327232,0.5492472,0
-0.469277,1.1177329,0
7.7989106,2.3613877,4
-0.96493006,0.87755483,0
0.24898204,2.4843302,0
6.4852176,0.59963524,4
-0.40126726,1.9697739,0
0.6612408,0.8026634,0
5.15069,1.3648405,4
-0.07423973,1.0674725,0
-0.2825155,1.6558609,0
7.5136952,-1.5915123,3
4.8467817,-0.5105876,2
11.850713,-1.0687524,3
1.7934006,1.5382438,2
-1.4158806,1.5684538,0
6.780668,1.6519046,4
-0.5780865,1.0891039,0
2.985866,0.20903844,2
2.5975943,-0.005464253,2
6.6210833,2.910838,4
3.9401042,1.0046986,2
-0.3484418,2.303728,0
-1.0908258,0.9553658,0
-0.52784884,1.098284,0
11.151637,2.187409,1
2.5110981,1.8244722,2
3.8264925,0.82140696,2
-0.044081643,0.93581915,0
6.407142,-0.72012347,4
4.638711,0.20513082,2
6.685066,2.164417,4
-0.70787406,1.5395977,0
-1.080267,0.8356698,0
-1.744159,0.9478369,0
-0.30912718,0.47905734,0
0.47962034,0.5207565,0
0.32107565,2.3436794,0
2.3358498,1.1530782,2
0.9735954,2.8130505,0
2.0119286,1.6587154,2
-0.96824926,0.99931735,0
-1.6507766,1.3575954,0
-0.1843248,1.6831634,0
0.7823451,0.56766886,0
3.9326525,1.5373479,2
-1.4331236,1.5762622,0
3.9786897,0.64584845,2
-1.0740211,0.3857974,0
-0.025483167,0.8559101,0
-1.1749837,0.9761953,0
-1.9645692,0.69427776,0
1.6801028,1.6282035,2
3.0414066,2.3307,2
4.7528696,2.241407,2
3.7506685,2.8023365,2
0.13341433,1.3303778,0
0.18942651,2.57067,0
-0.40035227,1.1007822,0
0.28047004,2.4040082,0
2.965661,0.6661047,2
-0.3721403,-0.14169197,0
3.3124986,1.8305154,2
-0.08288805,2.5366104,0
-1.0360467,0.54042315,0
3.5072722,0.72741616,2
0.7222228,0.44630936,0
4.164039,-0.32956955,2
10.316978,0.028037194,3
0.14819628,0.5419175,0
7.0389028,2.2206573,4
9.417628,-0.23602045,1
3.3081439,1.8748177,2
-1.962715,1.0233291,0
1.9034197,0.21143779,2
3.811799,0.98943514,2
-0.014017724,0.13949043,0
10.161541,-2.5978632,3
-0.031232119,0.4792536,0
2.9993622,0.55604315,2
4.2017736,3.0087678,2
5.9986916,2.0044165,4
-0.4517041,1.7324319,0
2.9837167,1.8193529,2
10.0708065,-1.2700417,3
2.7599092,1.2770402,2
6.130728,2.6662426,4
3.9868631,1.1053776,2
10.501343,2.0857143,1
-1.4189522,1.5994444,0
3.2554202,1.8452592,2
-0.21875663,0.5212983,0
-2.1226528,0.96395063,0
2.9468913,0.8686234,2
-0.31078807,0.12148406,0
0.15689789,0.5403837,2
2.9338694,1.6766926,2
0.7871856,1.6607112,0
10.944439,-3.9701128,3
-0.72560185,2.230107,0
2.400413,0.11834798,2
2.6380532,0.9176526,2
5.751522,2.4640021,4
-0.5014868,0.5772814,0
0.036581162,0.94157624,0
9.607373,-1.658925,3
3.008863,0.55849504,2
-0.89793855,0.81214845,0
7.916264,2.855305,4
-0.8341146,2.2003415,0
-0.6839485,0.6849573,0
6.585528,0.48951367,3
6.605585,0.9159531,4
9.824869,2.0459385,1
2.9351213,3.0566165,2
2.1388192,1.445674,2
3.9243052,1.0052257,2
-0.43616763,0.58835596,0
9.593307,-1.6609248,3
-0.28409475,1.2744712,0
9.0451975,2.0612879,1
7.1946707,-1.5401362,3
9.896601,0.8961846,1
-1.421303,1.5926075,0
0.877358,1.6277736,0
5.4237757,0.637214,4
3.3374376,0.62954766,2
3.1398237,1.5661411,2
0.74929357,0.5106001,0
-0.06607515,1.6484569,0
5.545719,0.5657868,4
0.709588,1.6925802,0
6.2528114,-0.5103139,2
2.5832148,0.06720872,2
0.0359193,2.587495,0
2.1113067,-0.16981639,0
0.6641057,1.6984584,0
-1.0353111,1.3089232,0
0.8675761,1.6659719,0
10.375506,-4.153624,3
1.8783475,1.607819,2
5.7903385,1.1467764,4
-1.9901713,1.172725,0
-0.33429524,2.0404844,0
7.4526615,1.3347349,4
2.520436,0.000110890236,2
5.5665617,1.6327504,4
2.1213405,-0.008012434,2
1.9769206,0.5867628,2
2.6058922,-0.07226382,2
1.905745,0.1774783,2
-0.6478032,1.4736693,0
2.1978564,-0.040566854,2
-0.79932815,1.5470865,0
8.71045,0.6630401,4
5.16225,2.3055089,2
2.5919206,0.06450927,2
5.107467,1.3607346,4
2.134902,0.72208035,2
1.3637925,1.1741047,0
1.7608533,-0.20400321,0
7.6834025,-0.17161599,2
2.6126878,-0.081494674,2
-2.1898637,0.8969427,0
-2.0973854,0.9361425,0
0.6187751,1.634798,0
6.2565064,-0.5054341,2
-1.5902382,1.4751707,0
6.529398,2.1867836,4
-1.9953831,1.2116089,0
10.3879595,0.06571631,3
0.21929644,0.23039466,0
9.993167,-4.007301,3
9.156103,0.2307264,1
0.5652942,1.636096,0
3.3127148,1.8544934,2
2.9851444,0.13257626,2
0.98246694,0.9364131,0
-1.210425,1.3762043,0
4.7846212,1.8376982,2
3.3607724,0.34738573,2
3.6934242,1.1448088,2
5.1186137,-0.03809593,2
2.599884,0.9081726,2
3.3881044,3.0252743,2
-0.38399872,-0.1359283,0
0.6824502,1.7317107,0
-1.011076,1.3137447,0
7.0588403,-1.9362055,3
11.426793,-2.3473022,3
9.529471,-1.8349068,3
7.158435,-2.027429,3
-0.77842456,2.2170758,0
0.74902725,0.5458611,0
-0.12364893,0.5020673,0
2.3384354,2.700758,2
0.49300286,0.4655043,0
-0.29056096,1.7999902,0
0.7670196,1.669529,0
3.9093266,0.86868674,2
-1.312021,0.63737726,0
12.221207,2.9664705,1
0.3337948,2.2889655,0
-1.0300174,1.4176309,0
3.4536812,2.313532,2
0.11125626,2.6142185,0
1.5538449,1.4258642,0
5.8810625,1.1215681,4
10.521447,-1.2667403,3
2.076957,-0.079977326,0
4.4496236,-0.32601056,2
2.1591556,1.4971802,2
1.102618,0.56882346,2
2.329245,2.6502802,2
4.75653,-0.5332933,2
7.5962086,-0.035195433,2
4.671377,1.8054224,2
-0.3411529,1.0871277,0
4.8030643,1.6447695,2
2.4463058,-0.0066881673,2
1.5023512,1.5095018,2
-1.457922,0.95489913,0
2.6154447,0.5353735,2
-0.8016995,2.046607,0
-0.92335075,1.4127293,0
6.2239704,2.463227,4
0.62761736,1.6436527,0
7.621934,-0.11942666,2
-0.8111064,0.34869617,0
-0.28906465,1.6103414,0
10.242653,-0.998951,3
2.3699095,1.9987557,2
2.9908369,0.41308928,2
4.167004,3.0185978,2
0.51547015,1.5846664,0
4.0204616,0.5836423,2
-0.07816776,2.5356576,0
4.6358333,1.3939615,2
5.198038,1.2899665,2
-1.8121767,1.2419513,0
3.5982962,1.2578326,2
0.2439515,2.187283,0
4.77689,2.3026407,2
1.4882176,1.122925,0
0.19384567,1.2813661,0
0.06301491,0.3894941,0
5.4032288,0.1169995,4
-0.846767,0.9567384,0
-0.9681422,1.3844543,0
7.7680125,1.7379866,4
3.7765467,0.97617936,2
-0.6861929,1.5340772,0
3.1455448,1.5235697,2
2.960313,3.0497608,2
4.8111386,2.363176,2
7.5008473,-0.15489978,4
6.6785936,2.1544573,4
2.2257535,2.7859342,2
10.318069,-1.0254664,3
2.2773805,2.5847533,2
0.49669605,0.4139134,0
3.9811163,2.5120094,2
2.324722,1.1566745,2
0.9375165,1.8992069,0
4.7751417,-0.52317727,2
-1.4496694,1.6060052,0
10.049606,3.2142324,1
5.0365915,1.7021333,2
4.9044843,-0.41759887,2
-1.0537424,1.1242927,0
7.237746,1.425526,4
2.5700648,0.18941164,2
9.584129,-2.1372397,3
1.8606287,0.20764786,2
5.2654176,0.7449636,2
10.072416,-1.1044778,3
3.3911142,2.7758627,2
4.5012565,0.40996405,2
2.4845297,0.39886928,2
2.0523617,-0.05997145,0
2.0865295,0.6610909,2
2.3278875,1.1439543,2
5.850072,1.1284484,4
1.5093964,2.3238943,0
1.3525916,1.2497427,0
4.906292,1.9159176,2
2.5187519,1.7388232,2
5.4410725,1.7766453,2
-0.7419905,1.3257267,0
11.75991,-2.2895894,3
2.9432611,3.0398414,2
-0.3979515,2.2844632,0
11.3972,-0.54980534,3
7.5149283,1.662708,4
9.732375,-1.8878655,3
2.6024098,0.9100101,2
11.716783,-2.5866506,3
-0.9801084,0.9480837,0
0.9756458,2.8175728,0
4.8302374,2.0523791,2
4.856098,2.1353252,2
11.108224,-1.5639257,3
8.402304,-0.52693546,3
11.61331,1.6894673,1
12.668628,2.9252653,1
6.9697003,-1.547398,3
11.756655,-3.1728208,3
10.720324,0.86789507,1
12.2532015,1.7811549,1
9.507043,-1.7237053,3
8.766539,-1.7514129,3
9.469608,-3.169705,3
11.22687,-0.6247702,3
9.655669,-3.7347088,3
9.650784,8.584249,1
6.9388623,2.7908704,4
8.674442,2.5524225,4
9.605678,-2.349836,3
10.52853,-4.3855557,3
5.019617,1.6402577,2
6.7914553,2.8438513,4
8.685753,-2.215994,3
9.1251745,-1.3505037,3
10.08815,-2.402116,3
11.064727,2.9944065,1
10.811707,-3.9192245,3
12.538352,2.778036,1
8.73658,2.9984179,4
6.426807,2.9137237,4
6.5207653,1.6766709,4
8.37402,-0.4847479,3
12.153959,1.3372887,1
9.884944,2.1605494,1
6.944943,1.5473163,4
9.319395,0.3712183,1
8.688103,-2.2214663,3
8.739502,-2.3673065,3
11.589911,-2.1223345,3
10.62798,2.5975127,1
6.1586,1.6798201,4
8.491983,-0.41390958,3
12.735549,2.8971913,1
9.515859,-4.414312,3
9.121743,1.8399713,1
11.719629,0.51016897,1
5.995776,1.852276,4
11.748346,-3.1111214,3
4.7962837,2.204768,2
4.6987724,1.8112952,2
8.9972,2.2065742,4
9.731871,0.1936402,1
7.2568913,1.8702688,4
10.758805,-1.509369,3
10.429325,0.10222255,3
11.376764,2.400741,1
11.375692,-2.382824,3
7.7341185,1.6599493,4
11.259282,2.5614219,1
8.247277,2.4541566,4
12.114433,1.4366957,1
9.734003,0.32877228,1
12.177963,2.7551785,1
10.498154,1.9513181,1
12.197584,2.3880594,1
11.609714,-3.2293134,3
9.5168295,8.315435,1
10.288621,-3.0782456,3
5.029861,2.1015112,2
11.768511,-0.586669,3
12.3231735,-0.32235113,3
11.13631,-0.9559055,3
9.792286,2.9530497,1
6.4869103,0.8390634,4
11.882165,2.9261754,1
10.173746,-3.9164283,3
7.0512085,-1.877406,3
6.773449,1.2002958,4
10.101717,3.1926246,1
11.986057,-2.303491,3
11.506512,1.3002754,1
7.690544,1.8742961,4
9.298688,0.10678476,3
9.429696,-4.298695,3
11.045005,2.9858987,1
5.9425397,1.8327588,4
12.236117,1.6748596,1
10.227954,-3.8968215,3
9.754327,2.1683726,1
9.432412,-0.23183894,1
7.626657,2.984671,4
6.654076,2.3144298,4
9.719676,-1.5129128,3
10.400131,2.1847086,1
9.49964,-4.4088793,3
8.409817,0.24059851,4
8.310968,-2.447102,3
7.3443336,1.9716682,4
10.130538,3.109565,1
8.898838,-2.7880883,3
9.253735,0.48720545,1
9.190344,2.7872071,4
3.4385748,0.7125661,2
7.2094054,2.5804386,4
5.193547,1.3451022,4
7.597612,-1.1561677,3
9.53018,1.1952153,4
10.020578,-0.6671548,3
9.929059,0.22674252,3
11.57338,2.2922242,1
9.351523,0.56760025,1
4.923087,1.6598594,2
9.867556,2.0846643,1
3.9452646,2.98061,2
5.0644145,2.293703,2
11.107902,-1.0554848,3
8.188666,-0.5085031,1
8.79899,3.1019022,1
4.9685073,2.0727875,2
-1.4391948,1.6442171,0
9.48519,-1.713401,3
9.363243,-3.12722,3
10.732901,0.85241103,1
8.849516,0.23738948,1
8.982556,-1.2227037,3
9.438173,1.5962465,1
3.3298304,2.7673097,2
10.314452,1.1923995,1
8.659512,-2.3522727,3
8.151362,1.1481299,4
11.020976,-3.6496847,3
9.966249,-1.3498738,3
9.705866,-3.7514727,3
8.990145,-1.2340833,3
4.6041894,-0.41043168,2
10.678043,-4.4969053,3
10.23225,-3.9341414,3
10.182879,-2.0719972,3
12.161503,-0.772882,3
9.05086,2.4108853,4
6.4446607,2.4626884,4
6.517716,1.5345895,4
9.332551,2.386552,1
9.549241,-2.079083,3
6.845993,1.798194,4
11.398041,-1.9614229,3
9.292189,-2.1833901,3
10.719068,2.5820513,1
8.766243,2.9877532,1
9.543125,-1.4630768,3
8.575136,0.0862952,4
10.348508,-1.4480392,3
2.5471656,1.6317762,2
8.882163,0.05387786,1
11.076595,1.081573,1
10.272968,-0.6549295,3
10.610961,-1.2797085,3
3.1594412,1.5976793,2
2.8260581,1.3836303,2
7.8609953,1.3824316,4
11.180712,2.9278553,1
10.264561,-3.7022884,3
10.912912,-0.8960133,4
10.815559,-2.6206837,3
4.4227133,-0.28412706,2
9.191868,2.48286,4
4.823788,2.1349905,2
10.54638,1.9857519,1
11.659691,-1.4772387,3
10.927691,-1.3138726,3
10.5059185,-1.2326342,3
9.169288,1.7743368,1
3.1449854,2.275788,2
3.981387,2.9181652,4
9.553427,-1.6280073,3
6.9095044,-1.2848954,4
6.773312,2.8273296,4
10.565243,-1.5008762,3
10.237389,-4.001647,3
12.085506,1.5036557,1
5.176782,1.4204354,4
9.493849,2.8106632,1
10.784004,-2.565211,3
9.760752,1.5890659,1
9.564184,8.47728,1
8.599033,2.9833431,4
6.9051976,2.7802038,4
5.8525996,1.9156696,4
5.568185,1.618556,4
3.8637464,2.8942113,2
1.7820256,0.7203701,2
7.450767,-0.60499924,4
5.4213147,0.21372257,4
9.887776,1.5889915,1
8.663566,-2.210213,3
2.8808146,1.6858059,2
12.583336,2.83645,1
9.775344,-3.2558215,3
12.225326,1.2581166,1
12.57417,2.4326432,1
6.4584546,1.3821238,4
3.8243232,2.841618,2
11.674495,1.6564296,1
8.704345,1.907218,4
2.2741392,2.6185677,2
10.058341,0.33120334,3
10.922166,-3.8987758,3
12.607717,2.470516,1
12.113691,2.7219353,1
3.233834,1.732357,2
3.7786198,1.0934738,2
0.8639927,2.1311097,0
7.3375053,1.9091544,4
7.5282755,2.978131,4
8.838014,-2.031905,3
9.326558,2.0505803,1
6.2539663,2.6746907,4
8.379238,0.060789835,4
10.382145,-2.557009,3
10.08279,-0.6097795,3
7.315715,-1.1595389,3
12.341,-0.5019344,3
7.465434,-0.6069143,4
8.743655,-0.07245775,1
10.863166,-3.9073102,3
7.6585445,3.0096345,4
7.225959,1.8171934,4
10.037129,-1.581242,3
8.90599,0.26165903,1
12.14043,-0.54793054,3
-0.40088728,1.8264145,0
8.950598,2.2667518,4
8.859402,3.0018854,1
9.075806,-2.8333986,3
2.407024,2.8031664,2
0.8166033,1.6228439,0
10.002664,-2.4480355,3
6.487728,2.1904843,4
10.212553,-2.5350752,3
4.665739,1.4027562,2
6.218924,-0.5108846,2
0.96276087,2.8007538,0
11.595296,0.14271672,1
4.8663764,1.7573425,2
9.530169,-1.6712669,3
4.7978415,-0.46299228,2
9.680496,1.8856013,1
8.912282,0.2873733,1
9.655259,1.8759917,1
10.748679,-0.08349282,3
11.068882,3.0170991,1
9.23733,-1.4339978,3
9.653267,2.864295,1
9.253383,-1.4558142,3
12.094229,-0.77586305,3
6.217857,2.7009041,4
10.783796,2.8306541,1
10.514056,-1.5860015,3
1.9630451,0.57172155,2
10.889311,0.72749084,1
7.866621,-0.61507165,4
11.034876,1.567647,1
3.2949946,2.764569,2
6.4782043,2.679806,4
10.593936,-0.07669478,3
10.6980915,-0.14403471,3
7.582467,3.0302484,4
8.3265,2.6031976,4
3.8431036,2.8652165,2
3.514206,0.749072,2
2.4241211,2.707494,2
5.874362,1.9168246,4
10.907442,-3.7850103,3
2.4132018,2.8197703,2
3.2923334,2.5331004,2
11.933119,1.8485017,1
10.761714,-3.2716177,3
11.828336,1.7719635,1
5.425278,1.2684647,4
10.513235,-3.354304,3
11.6043005,2.397056,1
10.818766,-3.9851475,3
8.612478,2.5971398,4
8.209229,1.159032,4
2.8686612,2.9708557,2
6.7715726,2.633089,4
-0.6146515,0.5794036,0
2.9914253,1.3255013,2
10.267777,-2.6992745,3
11.720376,0.7201296,1
10.974857,-3.3257868,3
9.271864,1.8760608,1
6.636104,1.6603348,4
3.4000912,2.654254,2
8.136619,2.55678,4
11.142827,2.1620922,1
8.690583,-2.183485,3
7.4021187,1.3770204,4
6.8764467,1.8369699,4
7.444723,-1.1263127,3
7.720435,2.9704607,4
4.693287,2.6960254,2
10.64882,-4.4686503,3
6.5331435,1.6918619,4
8.339242,2.4737597,4
8.947588,1.9643891,1
10.741727,-0.09512818,3
11.029052,1.4287474,1
7.572008,3.010421,4
10.7686405,-0.33972988,3
6.483685,1.9156522,4
6.285242,2.8943954,4
9.981776,-2.711426,3
10.811251,-2.5924764,3
5.9210935,2.6499252,4
10.342833,-4.1477385,3
9.965355,-1.2422926,3
7.111665,2.5244153,4
9.408693,3.351636,1
10.707999,-0.5134542,3
6.3137913,2.6811612,4
1.7190934,1.5396268,2
6.8646936,2.8064106,4
10.102972,3.1467113,1
3.803827,2.8210955,2
6.6027126,2.5511267,4
9.005438,2.205675,4
10.332879,1.7627559,1
9.586219,-1.4689065,3
9.169691,1.762084,1
8.936608,-0.80335706,1
1.7610325,0.6890448,2
2.9512439,1.0449458,2
11.946225,2.1429396,1
10.291004,1.1965574,1
6.354628,2.5627127,4
11.424939,3.097732,1
8.334137,-0.63645303,3
10.427,2.1390917,1
9.07689,0.6109668,1
4.409785,-0.11012121,2
10.380259,2.1318197,1
10.215905,1.8967553,1
9.895636,3.3261414,1
11.81916,-1.6612391,3
0.40535384,2.3571014,0
12.00078,-0.75876623,3
9.485632,-4.3963423,3
6.4966817,2.4837103,4
9.731308,2.9881608,1
10.072636,-2.4926088,3
6.160223,1.194357,4
11.535409,-1.0230755,3
9.485314,2.4542394,1
9.688127,-1.2602985,3
9.135037,1.7949699,1
10.599807,-4.4065347,3
12.067507,0.926801,1
10.304782,2.1538181,1
9.269239,2.5322905,1
9.853948,1.6155857,1
10.243623,-2.2377105,3
10.016809,-1.4915309,3
4.8585734,2.8908966,4
4.4019365,-0.16406263,2
10.29818,2.166737,1
9.872526,1.6259056,1
10.953194,-2.0233195,3
7.6441307,-0.1362719,2
2.0574515,2.50032,2
8.644385,1.5524158,4
10.537392,-1.3448057,3
10.300453,-3.414243,3
10.337803,-1.2516063,3
9.878652,1.6021705,1
10.415894,-4.102737,3
10.341917,-0.26290205,3
9.963037,1.4406929,1
7.0693364,2.0569496,4
7.610799,3.015716,4
6.7458453,1.1170975,4
11.311731,-3.271985,3
8.285238,2.6175163,4
8.792005,3.0226288,1
5.4636097,0.43065566,4
4.594519,0.2416867,2
8.504896,-2.272583,3
9.240965,-2.8043163,3
11.480697,0.11743526,3
10.986994,-3.9042153,3
11.977102,2.5925376,1
6.4162064,0.586143,4
10.897729,-3.710656,3
9.6757345,1.3669742,1
9.091906,2.0265226,1
12.056854,-0.94315225,3
12.505383,2.7048693,1
11.7589655,2.60621,1
10.382249,-0.30841032,3
11.627881,-3.3150811,3
5.6160607,1.4442656,4
6.235894,2.505186,4
11.925973,1.9090309,1
8.805692,2.99655,1
10.77988,-0.55146927,3
8.761927,-0.048303578,1
9.188819,1.7290128,1
11.147179,-2.02575,3
6.656769,2.150474,4
11.848701,2.908723,1
10.292214,2.2517285,1
6.5321894,1.7470213,3
11.568772,1.6789267,1
8.181581,-0.8314121,3
6.2930994,2.879159,4
8.904077,-1.0745336,3
9.753867,-1.544155,3
8.290423,-2.5354786,3
7.5721636,0.061355222,4
12.133666,2.8121688,1
10.228198,-1.051981,3
6.725155,1.0860105,4
11.589742,-0.96480685,3
5.2966843,0.77023304,4
0.4855136,0.40468994,0
6.1990724,0.69191056,2
9.065556,3.164847,1
11.132965,1.4566395,1
4.7196016,0.8281492,2
11.744455,-0.60495406,3
7.644985,1.8202436,4
11.907587,1.9169061,1
10.51175,-3.2828372,3
10.894465,-0.02910057,3
7.2753205,2.4848866,4
7.176378,-2.005609,2
6.88215,2.708409,4
10.494612,2.119687,1
7.723903,-0.66679764,4
7.954037,2.4959543,4
10.417888,-0.23529297,3
11.521727,-2.4974327,3
6.533194,0.6590121,4
8.417246,-0.3154017,4
11.633497,0.95685446,1
3.3236573,3.0683248,2
8.808712,3.0794485,1
8.6543255,1.4506985,4
10.854455,-4.071894,3
11.326784,-2.7148464,3
4.7561674,2.835151,2
8.518098,0.0058690826,1
12.151999,-0.5467749,3
10.1590805,-3.2710834,3
10.902431,-3.9535358,3
10.89404,-1.3122733,3
9.780543,-1.3967918,3
9.534016,0.73988664,1
5.721366,1.4555318,4
4.5683365,0.19459763,2
3.9165373,1.0112708,2
4.5871286,0.26789266,2
10.675044,-4.5559497,3
7.1667295,1.3753964,4
2.0655067,-0.087280944,0
9.779215,-3.2495937,3
10.058609,-4.039653,3
11.588999,-1.9569025,3
10.732308,2.582567,1
7.6486278,3.018709,4
4.883439,1.4721893,2
9.739,-1.6870914,3
2.9744453,1.2916858,2
9.253068,2.4769757,4
7.2108617,-1.1620599,4
0.12148567,2.768537,0
6.749549,1.0203619,4
7.568431,2.3009274,4
10.677858,0.9389624,1
10.130158,0.09986313,3
6.776,-1.2159281,4
11.315941,-2.0807812,3
10.950608,0.018568676,3
7.59384,1.2724164,4
11.010357,1.3007661,1
11.235817,-2.423346,3
6.116525,2.485343,4
6.1307387,0.9096824,2
5.7939644,2.4239285,4
10.316458,-3.6879876,3
9.7692995,2.530883,1
-0.97486985,0.16416703,0
10.700439,2.5374043,1
11.1219,-3.5494869,3
4.9357867,2.6719882,2
9.605812,-3.0707407,3
11.410496,-2.76077,3
1.9130291,2.487547,2
12.190596,-0.661018,3
11.247006,2.6853225,1
9.766307,-1.5327631,3
10.19393,-2.6104853,3
11.135948,-1.0845133,3
11.188184,2.657572,1
11.522909,0.009885372,1
10.913831,-0.8152274,3
7.6496954,3.030583,4
12.68656,2.8905265,1
6.4845133,2.115233,4
12.161054,1.2507973,1
11.29214,-0.7033536,3
11.780256,2.1121964,1
9.122955,-1.3608608,3
4.6938972,2.222017,2
10.2763815,-3.9342458,3
8.474006,2.7003715,4
11.490025,1.7380042,1
5.5148377,0.60417616,4
11.773856,-1.6457729,3
8.645115,2.9472225,1
4.8883443,2.7028637,2
8.671491,-2.127038,3
10.938269,-2.4224024,3
8.887736,-0.9158923,3
9.87201,-1.8078796,3
12.102933,-0.47911167,3
7.124943,1.4200999,4
7.0518265,-1.8931105,3
10.457925,-3.2041316,3
12.164367,-0.75491273,3
11.852953,0.62822044,1
8.082523,1.3035419,4
3.8771892,0.9250443,2
6.8761673,-1.4228182,3
11.00906,2.5989537,1
4.467141,2.6462674,2
10.796232,-1.4360832,3
12.007402,2.854725,1
12.197695,1.3029402,1
11.034764,0.056155186,3
12.054053,0.7843021,1
10.179808,-1.1014179,3
10.933502,2.385321,1
3.3393848,1.8733884,2
2.3977644,2.7891965,2
8.691484,2.505952,4
12.031598,1.6015604,1
11.590356,0.027600748,3
10.33173,-2.5711093,3
4.965292,0.65921664,4
12.343284,-0.47569254,3
9.3168545,-3.131493,3
11.753098,-1.7685881,3
10.46566,-2.8284528,3
9.376389,0.20979662,1
9.601366,-0.117643505,1
10.311659,-4.141832,3
10.454034,-2.5717933,3
11.68007,2.0620606,1
10.448954,1.4401985,1
4.7496457,2.7347705,2
10.640001,2.790932,1
10.026992,-0.13817886,1
3.4149413,2.6501806,2
9.050685,0.547953,1
11.643286,-1.0001087,3
10.590656,-2.7847896,3
10.680657,2.7875693,1
11.742607,2.623037,1
10.046786,-3.933373,3
11.976912,1.6449503,1
9.900597,-1.160688,3
6.8094425,2.714242,4
10.635147,2.5659943,1
11.784762,-1.709844,3
9.666626,0.044955682,3
6.9346285,2.7042887,4
7.8574667,-0.56137586,4
11.522972,1.7351413,1
8.866162,2.2616298,4
11.067286,2.0671718,1
10.346992,2.0886555,1
12.077401,1.4764994,1
7.3548727,-1.6051525,3
9.337371,2.3746448,1
9.208349,1.7197045,1
10.298292,-0.18961602,3
11.681093,-0.79093224,3
11.751788,-0.056464225,3
6.2052474,0.4512559,2
-0.3541949,2.2723107,0
11.881652,-0.86795646,3
10.387401,-2.587291,3
9.040437,2.9975357,1
10.24805,-1.0507643,3
10.17972,2.589792,1
7.1086164,-1.9435326,3
12.405983,2.999023,1
2.640121,2.7585313,2
7.5481296,2.281412,4
9.483963,2.4498541,1
9.067852,1.1902695,1
8.284748,1.597641,4
12.061554,1.0974257,1
11.784264,0.636134,1
4.623118,2.191284,2
11.82098,-2.2904963,3
10.680372,-1.3856019,3
10.234465,-2.5293953,3
9.882239,-1.1420827,3
10.305656,-3.1828542,3
2.3931322,1.9119308,2
9.365056,1.6268725,1
10.664914,2.672213,1
10.694735,1.8617082,1
4.6868434,0.6697105,2
10.68854,-0.115540504,3
10.630019,2.4842758,1
10.638072,-4.3996024,3
11.254609,-0.12824385,3
10.185015,3.2087438,1
10.650406,0.95888305,1
9.993112,-2.064792,3
11.267261,-2.4906065,3
8.280444,2.4026768,1
4.8653193,2.611221,2
10.0241585,-2.0854976,3
12.104686,2.3502874,1
9.227153,-1.4713969,3
11.431774,-0.8247462,3
5.5433345,0.52947503,4
1.9728379,1.5527238,2
12.617984,1.8561634,1
9.494516,8.319081,1
11.698016,-2.4472928,3
10.373272,-0.2499133,3
9.693974,1.359173,1
9.723422,-2.468505,3
6.809652,-1.190905,4
10.237854,-2.2559495,3
6.73777,-1.1624684,4
11.526037,2.1904109,1
7.267593,1.580113,4
11.875261,-2.5573585,3
7.1302476,-1.3129215,3
8.596596,0.050546095,1
7.1237354,-1.3033073,3
8.779051,-1.7153646,3
7.7388625,1.4435956,4
11.448708,2.323763,1
11.717974,-3.1376758,3
11.05891,2.680587,1
10.23754,3.1951714,1
10.383059,0.6328596,1
12.356869,-0.26863152,3
9.737838,-2.8789942,3
7.3193455,1.4152542,4
9.639908,0.5386827,1
11.278991,-3.1308382,3
6.512663,2.1889534,4
10.053968,-3.9506996,3
11.548238,1.3430952,1
11.664136,0.010749291,1
10.8625145,1.6145014,1
9.682702,2.7882378,1
7.6077175,-0.086903594,4
11.733454,2.703923,1
9.7303915,2.9486234,1
10.242546,-0.15977474,3
11.421627,2.9046633,1
11.197806,0.15655765,1
9.702318,-1.301673,3
11.278615,2.3261535,1
12.39204,-0.25195724,3
8.878274,0.6551858,4
10.557685,-1.259098,3
10.276913,-3.732218,3
10.39767,-4.127283,3
11.137379,-1.0850159,3
6.302984,2.5858297,4
4.641551,0.60671383,2
7.6319656,2.9762137,4
11.746363,2.593286,1
9.637393,2.327272,1
10.396001,-4.0308223,3
10.193822,-0.97681826,3
10.575834,2.0539825,1
6.063721,1.2027681,4
10.121594,-3.9440696,3
9.59455,0.19488244,1
10.183032,1.6150465,1
12.171783,1.3394189,1
10.865389,-0.9451888,3
11.08113,-1.8674608,3
9.020234,0.33523574,1
-0.13430035,1.6466264,0
11.288159,2.433957,1
11.365822,-0.69158053,3
12.129087,-0.8181015,3
12.220429,2.3244607,1
10.277008,-2.532973,3
10.934095,-0.012650592,3
10.988237,1.3624393,1
7.486478,2.5265002,4
10.232579,-3.9357677,3
6.4337134,2.519394,4
10.160129,-2.4664469,3
6.971288,2.0529962,4
11.463413,1.7933291,1
7.14523,1.4234262,4
4.498262,0.2919253,2
10.366818,1.22884,1
8.977893,-0.7608202,1
7.1600885,-1.1805463,4
11.36066,-2.098614,3
12.368177,-0.25750822,3
11.526578,-3.1296034,3
6.44557,0.81468695,4
11.427052,-3.3891995,3
12.10977,0.72930676,1
9.624145,-1.4356109,3
8.190758,-0.3533347,4
12.239419,1.693697,1
5.6285686,2.5481336,4
11.868251,1.8988256,1
7.562946,1.6924266,4
10.411651,-4.1151843,3
11.557923,0.08643164,1
11.516693,0.14391817,1
10.844414,0.5533232,3
11.126567,1.4529846,1
5.8890185,1.1876092,4
11.474717,2.4702127,1
3.3014913,3.0720751,2
11.415047,-2.7509434,3
7.2545447,-1.1347818,4
6.474401,2.6791534,4
8.645531,-2.1771612,3
9.04279,2.1230695,1
9.664295,-2.5296662,3
11.055711,0.07935225,3
7.702879,-1.7920392,2
9.869453,-2.7409813,3
11.145301,-2.793612,3
11.310038,-3.278762,3
2.9400148,3.0379963,2
6.363865,-0.67923963,4
11.453639,2.8246233,1
8.865649,2.4522233,4
9.835563,2.2283325,1
12.163155,2.7522244,1
7.774205,1.1625258,4
12.176814,-0.59929806,3
10.182726,2.1514852,1
7.1922565,1.4184479,4
10.711118,-0.4425622,3
10.90698,-3.9410317,3
8.763428,-2.2490494,3
12.279721,2.9489632,1
7.5237956,1.5833182,4
9.090155,2.90331,1
11.121873,-2.678873,3
7.7024827,3.0443149,4
11.829449,1.7384576,1
4.9144373,-0.44350535,4
7.511898,0.16663833,4
0.957236,1.593845,0
10.74104,2.7560146,1
9.4069805,-2.3277073,3
11.979453,2.8995774,1
10.285712,-3.1288567,3
7.195799,-2.0489962,3
10.212242,3.0399597,1
4.7600803,2.796158,2
12.623223,2.6631129,1
8.705505,2.483871,4
6.735521,2.512779,4
7.7054996,1.4492007,4
11.587139,-1.8779798,3
11.722441,0.37587628,3
8.543248,-0.68247086,3
11.639587,-2.0801103,3
11.807498,0.59221196,1
10.666745,-4.5285482,3
9.201188,-1.4577624,3
12.102872,1.1399461,1
11.827582,0.87471765,1
11.950247,-0.56207055,3
11.149679,-2.5320692,3
11.849583,0.8528486,1
11.656403,-2.2363942,3
11.89689,1.0064522,1
7.292642,1.3935933,4
9.658056,1.0963863,1
10.383111,2.2430623,1
9.719682,1.5627515,1
12.77943,2.8619199,1
7.968475,-0.48783854,4
5.034141,2.5549572,2
8.126167,-0.53538835,4
10.163951,1.7503729,1
11.426582,-0.7110944,3
12.314318,2.7433958,1
6.329817,2.576556,4
11.262659,-2.3313615,3
10.428169,-3.1761253,3
6.503654,2.120858,4
11.689241,1.8008538,1
9.9935055,0.7666107,1
2.0537195,0.5658789,2
11.722153,-3.1866496,3
11.781899,-1.5826676,3
7.230576,-1.9716282,2
12.106156,-0.5278195,3
7.806086,2.352904,3
11.1438,-2.2502666,3
10.563769,2.8845954,1
9.355048,1.6760343,1
9.137558,2.3999,4
11.652179,2.335591,1
11.02308,-3.6564295,3
10.76597,-0.55811614,3
10.664392,-4.4708714,3
10.877046,1.0898767,1
9.9296465,3.2805064,1
7.5009456,2.1907191,4
9.657683,-3.6511407,3
11.230377,-2.418296,3
10.100936,2.335575,1
9.156346,2.3973074,1
11.174142,2.1555133,1
11.868215,2.015538,1
10.580081,-2.8578098,3
11.60163,-1.9815807,3
11.648567,-2.6325827,3
11.572046,-1.1947604,3
8.374057,-0.47675055,3
10.904987,-4.00423,3
11.13305,-1.638796,3
11.864047,-0.25424546,3
10.62147,-0.1255487,3
8.337359,2.5345411,4
11.578158,-0.58356726,1
4.5540338,0.1186864,2
9.635488,-3.6602044,3
10.668531,-2.921103,3
10.750504,-4.342899,3
11.71133,-2.604362,3
11.810985,-1.6885356,3
9.5069275,-4.2898664,3
7.709885,-0.6371382,4
11.93465,-0.83336157,3
9.290568,1.6900125,1
6.158305,2.7899823,4
11.525784,1.3120558,1
8.330613,2.7360911,4
9.592166,1.3987873,1
11.672451,-1.1691527,3
11.967104,1.8634412,1
12.318211,3.0345252,1
8.6484585,2.5398564,4
9.595465,1.820163,1
11.9908695,-0.8583455,3
10.089566,-1.1042424,3
10.241478,-3.8476043,3
9.078175,3.2428458,1
10.385912,1.8487732,1
9.40395,-1.3748817,3
10.993467,0.03929833,3
11.427341,-3.4043484,3
-1.276022,1.0461607,0
10.254886,3.0368009,1
11.266487,2.5948699,1
11.315214,-0.73152864,3
11.139525,-1.7590538,3
8.147985,1.1356719,4
11.754673,2.914382,1
9.997908,1.6103905,1
7.063897,-1.9489908,3
12.595262,1.8578092,1
11.120141,-1.0677209,3
11.024617,-3.6443608,3
8.095773,-0.5179172,4
11.579206,2.8698182,1
5.570941,1.2419944,4
4.812916,1.7450968,2
10.628484,2.716671,1
10.954137,2.375968,1
10.87664,-3.9331248,3
11.397509,0.42087474,1
8.966602,2.9580152,1
11.4363785,-2.777761,3
12.159132,1.3193526,1
3.8581524,2.9048834,2
9.85421,-2.436827,3
7.179041,2.5508986,4
7.310485,2.294443,4
11.957911,2.1328213,1
10.92743,-1.1825639,3
10.912841,-4.0277095,3
12.086084,1.8396238,1
10.66171,-4.4743476,3
12.649588,2.8956072,1
10.314956,-4.117554,3
3.828639,2.8023582,2
6.953277,2.6873496,4
11.535797,-0.77194285,3
8.442619,-2.1395776,3
11.1232395,-2.136442,3
9.577,-2.0949166,3
8.867502,-1.0125805,3
10.348113,-3.0977325,3
10.536422,-1.5279281,3
10.690944,-0.5095626,3
9.354144,-2.893418,3
10.40809,3.024911,1
11.519353,-2.5384538,3
8.410027,0.2244057,4
7.9150367,2.2586992,4
4.260974,0.29014796,2
11.400124,2.4223728,1
8.274417,-2.315653,1
10.806876,0.78079736,1
6.4028955,2.9612346,4
10.566051,-4.2093697,3
3.5969489,1.1586552,2
6.775031,-1.1095415,3
9.662576,8.598098,1
9.849548,2.2630064,1
6.7896705,1.0054221,4
12.111329,1.4283217,1
6.9190817,-1.3597193,3
7.0457673,-1.8246351,3
10.14165,-3.9522939,3
12.286531,2.9870553,1
9.802182,-3.9205778,3
11.219141,-2.9289982,3
9.704093,3.0114963,1
-0.96459687,0.93356454,0
7.4458385,-1.5362318,3
9.962223,-2.5482426,3
12.642815,2.5894752,1
10.084841,-2.0164738,3
10.928047,-4.0438514,3
11.829003,-2.684719,3
6.732586,2.8222966,4
10.180435,-2.5506995,3
11.750856,-2.4919498,3
11.705217,-2.4490232,3
10.726167,1.9519347,1
9.698131,-2.5304859,3
11.2811,-2.3777552,3
8.758563,-1.746699,3
10.786986,-2.5740213,3
7.165304,-2.008399,3
6.7089586,0.7320556,4
4.7544756,0.8025355,2
10.447588,-2.7791078,3
3.925181,2.5288875,2
3.238242,3.0855396,2
12.169913,-0.77377254,3
10.486791,-2.266961,3
11.627745,0.6688164,1
9.7367115,-2.881503,3
8.6029625,2.5720265,4
10.4347925,-3.1928232,3
10.671097,-4.1179523,3
8.809541,-0.12887706,1
11.80105,0.55105925,1
9.807587,-3.2507253,3
6.605412,0.599164,4
7.6341205,3.0165813,4
12.126702,2.138265,1
7.5246067,2.8849514,4
7.260137,1.6525323,4
11.104133,2.983474,1
9.74184,0.15675794,3
12.132036,1.3018777,1
8.342002,2.3721051,4
8.973718,2.6518621,4
11.776383,2.6013172,1
11.881393,-2.5248017,3
11.306428,-3.2761824,3
12.182107,-0.63629097,3
10.851804,0.67089283,3
9.60651,8.537807,1
4.8955445,1.5643196,2
10.678952,1.0675073,3
8.839947,-2.1260219,3
11.60229,-1.5892309,3
8.790153,0.024186898,1
12.170257,2.3331363,1
3.8540542,1.0396509,2
8.372369,-0.8110478,3
11.838863,1.7963312,1
5.728248,1.138369,4
11.710762,1.7824535,1
11.750155,-2.279914,3
7.2591524,1.877946,4
11.885469,-2.3626566,3
9.92529,-2.9518723,3
11.870982,-0.8161075,3
7.967168,-1.2058342,3
10.654658,-2.5009508,3
10.934938,-3.147181,3
9.872483,-0.150365,3
11.757617,1.745586,1
11.63814,2.0568476,1
9.341406,1.6783686,1
10.566427,1.9792478,1
11.020968,-3.6345553,3
8.149512,1.1388662,4
11.908902,2.4686832,1
8.412888,1.6319674,4
9.671353,-1.6566805,3
9.510052,-2.860436,3
8.846197,3.001236,1
10.727845,-2.512015,3
10.239101,-3.9110696,3
11.005676,-3.8463585,3
12.055963,2.779523,1
10.887529,-3.7096975,3
12.282478,3.0022385,1
9.951608,-1.7470798,3
9.917314,2.255586,1
9.656903,-2.1492927,3
11.704919,2.2579298,1
9.156505,-1.3572524,3
10.973217,-3.7311869,3
3.0300655,3.0977795,2
9.7363205,-1.7569768,3
8.69533,-2.2365465,3
9.39143,3.3500543,1
5.419659,1.1640099,4
10.197223,0.96905065,1
9.219176,1.6995032,1
2.944165,1.1749105,2
12.159146,1.6055409,1
8.475686,-2.1865292,3
11.437528,-0.7965176,3
12.09009,-0.82220346,3
9.665958,1.9033636,1
9.646598,8.580801,1
4.765781,1.6505085,2
9.606971,8.522227,1
-0.37018028,-0.18215814,0
6.9014525,2.87133,4
7.366327,2.2063975,4
10.232522,0.024929566,3
9.367378,2.348395,1
6.846946,2.648193,4
11.49142,2.3402052,1
10.789228,1.8704145,1
8.300834,-2.5399256,3
11.663322,-0.7425174,3
9.67604,1.9390967,1
10.938182,1.6336784,1
12.230091,2.930283,1
10.967663,-1.9816277,3
9.934124,-2.5206535,3
10.764963,2.5217736,1
10.29321,-1.2449263,3
3.3972402,2.8155437,2
9.86965,1.6271018,1
9.412456,-4.2537584,3
8.363748,-0.58760804,3
10.582872,-2.8664086,3
9.801217,2.0287673,1
7.153812,-1.990707,2
8.27826,1.5857482,4
10.949259,-1.9852301,3
10.7808485,2.5474331,1
8.736183,2.4757085,4
3.444321,2.6147258,2
8.421892,0.04027923,4
10.493944,-3.3170798,3
9.792308,0.73456806,1
11.563257,-2.000094,3
7.803893,-0.6663656,4
2.2929873,2.8006825,2
10.745494,2.8650572,1
3.9423497,2.921581,2
10.714781,-0.4123129,3
5.8332253,2.6465886,4
10.193313,-4.0408635,3
5.7542353,1.0865388,4
8.780697,3.034491,1
8.998973,2.2192476,1
10.29713,1.9274436,1
10.176475,-2.227307,3
12.001253,2.8298104,1
9.5992565,8.512432,1
11.208858,1.0116626,3
10.23566,-0.5615479,3
10.335105,-0.26265666,3
9.626975,8.563094,1
7.010046,-1.1294963,4
11.203107,-0.8541675,3
9.555314,8.464047,1
11.880706,2.7286398,1
10.492216,-2.8252928,3
11.702176,-2.4373283,3
6.6797733,0.7265828,4
9.991748,0.6715193,1
12.267075,2.9822226,1
7.5575795,1.5188594,4
11.600439,-1.8735074,3
5.8261185,2.6501327,4
10.560771,2.4617646,1
8.201321,1.3233321,4
11.564225,2.997944,1
11.599266,-1.8893273,3
4.298195,1.1199054,2
6.586342,0.67718595,4
9.230365,-1.4375043,3
12.086472,2.3036776,1
3.3869216,1.728744,2
6.36851,-0.6860369,4
9.554181,8.451395,1
9.652161,8.585763,1
7.2611384,3.050187,4
11.77531,-2.4287643,3
7.419989,3.0345168,4
10.405066,-2.8616896,3
9.676577,8.626393,1
12.134731,-0.6025702,3
2.0734465,0.566351,2
9.619622,8.552389,1
10.751123,2.838698,1
10.667141,1.5547049,1
6.968269,1.8404012,4
9.001084,-2.8217547,3
7.113491,2.8945088,4
11.181984,-1.1578022,3
12.042579,2.4978063,1
9.918607,-2.539931,3
9.905953,-4.1756005,3
5.88745,1.8008741,4
9.737449,2.9519775,1
11.617409,1.6925819,1
8.573815,2.5129368,4
9.959468,3.2753177,1
10.324768,1.4725145,1
8.363802,2.5423443,4
11.3677025,1.157381,1
10.04748,-1.971524,3
8.42925,2.853706,4
11.401281,3.1642513,1
4.3143907,0.583245,2
11.519798,1.2964789,1
6.377389,-0.69382715,4
10.871405,-3.8759003,3
9.191478,0.6905779,1
10.339669,-0.69823706,3
7.7464333,1.5057793,4
11.648194,-3.1688054,3
11.378891,3.1533828,1
9.682162,-1.2636695,3
11.903904,2.7367694,1
12.295641,2.9943194,1
11.166491,2.9911993,1
11.311536,3.1931367,1
7.5313168,1.5551251,4
2.9072638,3.0112557,2
11.248824,3.1889074,1
10.524085,-2.4524896,3
7.538029,1.3256853,4
10.724584,-1.3261633,3
11.574989,-1.957775,3
3.3975713,2.4241002,2
4.5129514,0.2651124,2
10.487946,2.3558803,1
0.21657547,2.3386364,0
10.616806,-4.460474,3
9.854892,-1.1628797,3
11.095923,-1.8780221,3
5.827502,1.1254803,4
7.713185,3.045485,4
6.377688,-0.6943235,4
7.4647784,-0.60308623,4
10.491948,0.07466645,3
10.547302,-1.5057875,3
9.515102,-3.2255623,3
9.455484,8.268414,1
10.966924,-1.9894462,3
9.4712715,8.26061,1
9.500073,8.224089,1
7.6471567,1.8314569,4
9.53564,-3.3731847,3
9.50827,8.30313,1
11.495922,-0.7013985,3
11.874173,2.7621279,1
8.250439,1.130621,4
9.806847,-4.174864,3
7.632277,1.2271847,4
8.787592,2.2614288,4
12.47979,2.858257,1
10.761882,-0.5526814,3
8.386255,-0.5016374,3
9.355215,0.5987166,1
11.698794,-0.5085519,3
7.640398,-1.8013363,2
12.066826,1.0268036,1
8.371717,0.09608505,4
9.804625,-2.864186,3
10.484419,2.0865896,1
11.39901,3.1821973,1
10.584277,-1.5562602,3
3.334518,0.75676376,2
8.519179,-0.5116503,4
3.854726,1.2450085,2
9.893035,2.097385,1
12.324854,2.9729881,1
9.416777,-1.3561335,3
11.714849,1.8526453,1
6.8862906,1.8349149,4
8.087647,2.208595,4
11.857084,-0.6792696,3
10.900324,-1.3372545,3
10.04348,-1.6643234,3
6.6399574,2.7560625,4
7.6110954,3.035585,4
4.581844,0.2953495,2
8.519421,-2.1927328,3
9.547852,-0.117398605,1
10.335216,1.7114627,1
7.0284534,-1.4448538,3
11.226123,-1.0963308,3
11.114791,-3.7107775,3
11.2572,-2.7707098,3
11.6764345,-2.5064154,3
10.918578,2.5573237,1
11.369113,-3.4567454,3
11.802797,0.6562981,1
10.746609,-0.40428758,3
6.7982664,-1.232507,4
10.728379,2.1728184,1
11.587484,-1.4582078,3
11.146185,2.278911,1
8.658225,2.4398372,1
11.824764,1.0460204,1
12.067951,1.523043,1
11.886668,2.675475,1
7.33612,-1.1287636,3
11.386533,-0.54058176,3
4.7333846,2.7742271,2
11.638644,-2.5911534,3
11.74787,0.6449068,1
6.924856,2.6327353,4
11.777974,0.5962555,1
9.651541,-2.8163047,3
10.455906,1.6386725,1
6.546293,2.1460574,4
12.047044,2.7953293,1
11.704471,0.64105856,1
10.230204,-4.108388,3
6.4273267,0.51831514,4
12.359875,-0.44085616,3
10.832292,2.8568888,1
5.6430254,1.4095473,4
11.092227,-1.5001719,3
7.5837603,-1.841548,2
11.1200075,-1.5321162,3
12.263378,-0.61115634,3
11.615442,-3.235296,3
10.6132555,-1.5422863,3
10.423353,-2.8262599,3
11.248054,1.031213,3
11.704283,2.2487133,1
10.849681,-2.6369166,1
10.573168,-1.5692625,3
6.873794,2.0084312,4
12.132107,-0.5590993,3
9.616948,-0.31878364,3
11.610058,0.8640284,1
10.571556,-4.220671,3
11.233936,-2.4196913,3
12.268355,2.948407,1
11.955628,1.877301,1
10.405082,0.15042913,3
10.283416,3.1551611,1
11.978434,2.6538014,1
11.231216,-0.8698336,3
11.312529,1.6782,1
10.546685,1.8333821,1
10.667273,-2.900397,3
11.602183,0.15233509,1
11.794136,-1.6208098,3
11.154463,2.165586,1
9.563586,-0.05863404,1
12.320152,2.3923082,1
8.477084,1.3225012,4
10.432953,-1.2607793,3
10.460786,-3.2617373,3
6.4911823,1.6719475,3
11.792852,1.7458951,1
8.391127,0.09921521,4
9.565523,-1.5377073,3
8.68135,2.9268446,4
10.201907,3.0232718,1
10.466618,1.5440874,1
10.502803,-3.2535627,3
9.540794,2.734606,1
11.4278555,1.1750922,1
12.17519,1.3413401,1
10.026815,-2.161829,3
10.523421,-1.6422662,3
12.413531,2.67085,1
4.5036316,-0.030136753,2
8.976813,-1.2100718,3
10.528567,-2.150433,3
8.848136,0.245783,1
10.94043,-3.711741,3
11.780767,2.0322986,1
8.814744,-0.11665352,1
11.7853365,0.63876504,1
11.001421,-2.0202372,3
11.122111,-1.6134051,3
11.635884,0.06952269,1
10.754155,-0.07477661,3
11.835969,0.56390744,1
12.171258,1.7282383,1
10.821044,-2.5844586,3
12.371673,2.8305235,1
12.288661,3.017154,1
11.830763,-2.4187713,3
10.069324,-2.119973,3
8.208448,1.1644557,4
8.873563,0.07719285,1
9.761055,2.8630009,1
9.175449,2.456679,1
11.865067,1.7532887,1
9.521749,-1.7872338,3
9.80344,0.3015394,1
11.846972,-0.67378646,3
8.354625,-0.7455959,3
6.5427327,1.6938888,3
11.160278,-0.7198458,3
6.9968243,2.6030562,4
9.446882,1.7729267,1
11.153426,2.667996,1
8.767807,-2.2245555,3
11.7014,2.6030211,1
12.018859,2.5101323,1
12.779738,2.8552434,1
11.13635,-1.0106996,3
10.875429,-2.8005588,3
10.502497,2.970662,1
11.946763,-2.4041033,3
7.802565,-1.2107838,3
3.3690279,1.7073573,2
10.9367895,-2.4675303,3
7.3780007,-1.1386893,3
11.759951,-2.4936748,3
11.056467,-2.1976964,3
9.5774555,-2.142618,3
10.16372,-1.2841085,3
11.712438,-2.0169725,3
11.520401,0.10812174,1
10.9554825,-1.1854722,3
10.92827,-2.452522,3
9.751823,-3.8407567,3
11.590416,0.010122353,3
11.019348,-3.6706076,3
12.478641,2.8418868,1
9.883378,1.6188903,1
10.273301,-3.533993,3
11.2682295,-2.3659775,3
6.2209325,-0.447525,2
10.7483635,-0.47736076,3
11.056688,2.6972353,1
7.965201,2.7991147,4
7.873619,2.5268521,4
10.784421,1.0701551,1
10.751048,-2.5449307,3
11.779772,-1.4437159,3
10.018355,-1.4706407,3
10.747592,-2.6020157,3
11.572884,-1.4351324,3
10.4382105,-4.2708373,3
7.1500726,-2.0048912,3
9.36422,1.5990174,1
11.038609,-2.7023308,3
11.521111,-1.0129818,3
11.033202,2.9801416,1
11.5848255,-0.9510628,3
10.580786,-1.2352124,3
10.478992,1.2074677,1
11.897852,-2.5066657,3
12.034863,2.2972214,1
8.914933,2.4080842,4
10.52109,-1.561542,3
11.101597,2.6464152,1
10.307452,-0.20310923,3
8.270314,-0.84193635,3
11.109754,-1.6602694,3
11.27063,-3.1370075,3
9.022318,-1.0378989,3
11.603211,-2.3686464,3
8.752709,-1.7369577,3
10.740467,-4.3485246,3
9.532017,-0.1021067,1
11.250117,-1.0426686,3
9.757357,2.3648891,1
10.054293,3.1926384,1
9.621321,8.557833,1
10.712101,-0.5442711,3
11.474558,-2.8051257,3
9.94663,-4.163556,3
11.336856,0.54936534,1
9.2171335,0.496694,1
10.6427965,-1.5112631,3
12.082323,2.7317834,1
9.217795,0.491135,1
11.105226,-1.9014118,3
7.735546,-0.65350896,4
9.614019,0.091485545,3
10.108696,2.5644114,1
11.848164,1.02858,1
10.635395,-4.4108214,3
10.559432,-1.5032372,3
9.0450535,-1.2496016,3
11.528274,1.2864027,1
7.778789,-1.1615257,3
9.112932,2.401541,4
12.063047,1.5683545,1
10.407222,-4.2212563,3
9.655982,2.8517642,1
10.459661,-4.179087,3
11.222478,-2.4361076,3
11.679644,2.2068305,1
12.747328,2.8981202,1
8.223342,1.1560847,4
6.064309,1.199709,4
1.9139693,1.5835924,2
11.630007,-3.1933742,3
5.5593457,0.56949013,4
8.035168,-0.9813174,3
9.045926,2.5557845,4
9.631999,2.1898863,1
8.764861,-1.7502033,3
12.542983,2.44874,1
10.226659,-1.1226281,3
4.841102,2.9067798,4
11.059661,-3.7165437,3
11.312509,-3.255789,3
11.24077,-0.7584464,3
9.525765,-1.4042121,1
9.112935,2.0207632,1
11.792761,-1.9749489,3
10.885944,3.006281,1
12.422739,3.0075932,1
11.748962,-2.2838838,3
10.326429,1.4607804,1
12.540493,2.670765,1
10.743842,1.9884883,1
12.81019,2.8752577,1
11.325843,-3.430603,3
10.907228,-2.6614373,3
10.047161,-2.4353287,3
10.588265,-3.4456408,3
10.332879,1.7641777,1
9.5815735,2.408508,1
11.793835,-2.5336356,3
11.702793,0.34829232,3
10.638901,1.9623089,1
3.538458,2.6149418,2
11.386471,-1.1433481,3
11.153781,-1.1047038,3
8.504937,2.852636,4
6.919635,2.7833982,4
10.369212,-1.2427824,3
8.009823,-1.178765,3
11.22825,-1.7581178,3
10.467134,2.1666856,1
11.977565,1.8390139,1
11.480168,1.7861171,1
9.854135,2.0250556,1
9.935405,3.2771075,1
10.889586,-4.055828,3
11.923053,2.565332,1
9.867074,-3.8431652,3
9.700133,2.9225376,1
9.85007,2.242539,1
11.830009,0.8950017,1
8.902521,2.8709676,4
5.867857,1.8982835,4
11.679231,-3.2856767,3
11.241249,-0.879633,3
12.312407,1.8822377,1
11.988936,-1.4031283,3
10.822846,-0.028161183,3
9.669285,-1.5816191,3
7.569654,0.06296457,4
6.559806,0.6443144,4
7.131454,-1.2792448,3
4.729796,-0.4340116,2
10.384606,1.3388685,1
9.931599,3.2905068,1
10.69643,0.93872595,1
10.598194,-0.023460036,3
10.722034,0.65217805,1
11.653444,2.1467402,1
10.447391,-3.2639782,3
10.296993,-3.1527255,3
10.914679,-4.005168,3
10.125578,-2.6066105,3
6.2562966,2.4356146,4
9.747021,-2.8273275,3
10.109748,0.21837339,3
10.223248,1.3247387,1
9.387712,1.8263161,1
12.065231,1.5704216,1
10.509649,2.4892235,1
4.5604787,0.19043173,2
12.107625,2.4448297,1
5.5626054,0.52960706,4
3.369328,1.7099669,2
10.800865,-0.06996032,3
4.0830784,0.38871098,2
8.86086,-2.0243082,3
12.392556,-0.25604355,3
7.2271843,-1.1829716,4
7.467382,-0.608487,4
10.923579,-3.8526528,3
8.8959465,0.2790034,1
9.520326,8.420874,1
9.794703,-4.194844,3
9.972567,-2.7288122,3
12.600026,2.486222,1
10.737418,-4.344425,3
9.600785,8.516849,1
7.6420765,-0.13472405,2
7.092025,-1.9469321,3
11.473599,-1.2121572,3
9.113837,-0.9387609,3
11.917368,1.9021788,1
9.091144,3.187948,1
9.793731,-3.2386017,3
10.060481,-4.047431,3
7.244939,-1.1435935,4
12.240282,-0.677683,3
10.894608,2.3204267,1
11.957489,1.6252947,1
8.737679,-2.4562218,3
9.152137,2.457536,4
10.3223095,-0.97410107,3
7.983034,2.0808785,1
6.827298,2.633364,4
9.59384,8.521567,1
6.2053294,1.1650882,4
12.618817,1.852666,1
11.575499,0.1551451,3
9.512594,8.376826,1
9.22747,-2.6562698,3
10.670729,2.609468,1
11.137049,-2.8117888,3
10.655171,-4.5411334,3
9.202737,3.2518399,1
10.878154,1.7188805,1
12.7872,2.8387308,1
5.522863,1.0333866,4
9.681648,1.1284256,1
11.75722,-3.171634,3
8.203299,1.3153232,4
12.094344,2.784575,1
6.7588415,-1.2701044,3
9.639883,8.573353,1
10.208984,2.2621503,1
10.340598,2.1085982,1
8.399097,-2.3073049,3
10.224809,-2.2349412,3
12.784544,2.866042,1
10.489104,-4.362962,3
8.132228,2.1825128,4
8.915779,0.3098943,1
9.892353,0.89647305,1
10.285145,-2.5454109,3
11.154137,2.1703715,1
12.23589,1.2683499,1
9.568213,8.478909,1
8.378165,2.4253705,1
8.623071,2.509113,4
7.5592885,1.7114366,4
7.413739,-1.6233672,3
9.843401,2.065939,1
